,title,area,numberOfRooms,price,town,district
0,Beylik Pazarı Yanı Metrobüse Yürüme Mesafesinde Süper Lokasyon !,210,3+1,2.190.000,Beylikdüzü,Gürpınar
1,BEYLİKDÜZÜ AKVA YAPI'DAN METROYA YAKIN 2+1 ARAKAT FIRSAT DAİRE,120,2+1,589.900,Beylikdüzü,Kavaklı
2,BAŞAKŞEHİR METRO GÜZERGAHINDA 3+1 YENİ 2. KAT LÜX SATILIK DAİRE,148,3+1,1.420.000,Başakşehir,Bahçeşehir
3,B.DÜZÜ SONSUZ'DAN EMSALİNİN ALTINDA HAFTANIN FIRSAT 3+1 DAİRESİ,145,3+1,1.418.000,Beylikdüzü,Kavaklı
4,BEYLİKDÜZÜ MEHAL YAPIDAN 3+1 MERKEZİ KONUMDA SATILIK DAİRE !!!,145,3+1,1.250.000,Beylikdüzü,Kavaklı
5,ACİL SONFİYAT EMSALSİZ ULTRA LÜKS KADIKÖY SÜPERKONUM SATILIK 3+1,134,3+1,4.715.000,Kadıköy,Caferağa
6,"120 AY 0,99! KOMİSYON & T.HARCI YOK / HALKALI'DA SIFIR SİTE İÇİ",112,2+1,2.300.000,Küçükçekmece,Halkalı
7,BEYLİKDÜZÜ KARVEN'DEN SİTE İÇİ FULL KONSEPT DAİRE,100,2+1,950.000,Beylikdüzü,Kavaklı
8,ÖZEL FİYAT! SIFIR BAHÇE KAT KOMİSYON & T. HARCI YOK SON 7 GÜN!,106,2+1,1.813.500,,
9,ÖZEL FİYAT! HERKES ARTIRDI BİZ İNDİRDİK! KOMİSYONSUZ/ SON 5 GÜN,117,3+1,2.500.000,Bağcılar,Güneşli
10,BAHÇEŞEHİR SPRADON KULE**SATILIK TAM KAT 8+2 DUBLEKS DAİRELER***,596,8+2,16.092.000,Başakşehir,Bahçeşehir
11,ÖZEL FİYAT! GÖZTEPE MERDİVENKÖY'DE KOMİSYON & T.HARCI YOK,122,3+1,3.999.999,Kadıköy,Göztepe
12,EMLAK CITYDEN SUADİYE'DE İÇİ FULL YAPILI 3+1-140 M2 ULTRA LUX,140,3+1,4.450.000,Kadıköy,Suadiye
13,للبيع العاجل في بيليك دوزو اطلالة بحرية كاملة ضمن مجمع سكني,160,3+1,1.720.000,Beylikdüzü,Gürpınar
14,DAG YAPIDAN METROBÜSE 10DK MESAFEDE SATILIK 2+1 DAİRE,100,2+1,695.000,,
15,Merkezi (Pay Ölçer) Geniş Daire Acil! Emlak Ofisinden 2+1 Kaçırılmayacak Fırsat!,112,2+1,695.000,Beylikdüzü,Gürpınar
16,DAG YAPI'DAN SATILIK MUHTEŞEM ŞEHİR MANZARALI SİTE İÇİ DAİRE,125,2+1,1.279.000,Beylikdüzü,Kavaklı
17,"Novella 2,5+1 Geniş Balkon ( Fırsat 7 Gün Geçerli Fiyat )",102,2+1,1.825.000,Pendik,Yenişehir
18,"6.000 TL KİRA GARANTİLİ,İ­SKANLI,ÇİFT CEPHELİ,CADDEYE YAKIN",75,2+1,920.000,Kağıthane,Gültepe
19,BEYLİKDÜZÜ BAŞKENT YAPI'DAN %50 PEŞİNAT 60 AY TAKSİT FAİZ YOK,115,2+1,948.000,Beylikdüzü,Kavaklı
20,BEYLİKDÜZÜ SONSUZ'DAN ACİL SATILIK 2+1 120M2 DÜZ GİRİŞ DAİRE!!!,120,2+1,499.999,Beylikdüzü,Kavaklı
21,GÜZEL İNŞAAT'TAN ARAKAT 2+1 KAÇIRILMAYACAK FIRSAT DAİRE,120,2+1,1.369.000,Beylikdüzü,Gürpınar
22,ÖNCÜ GRUP TAN AİLE VE YENİ EVLENECEKLERE MÜJDE LÜX 2+1 DAİRE !,100,2+1,899.900,Beylikdüzü,Kavaklı
23,Kartal Petrol iş'te Asansörlü İçi Yapılı Satılık 3+1 Daire,130,3+1,1.250.000,KartalRahmanlar (Atalar,)
24,MERKEZİ KONUMDA EBEVEYN BANYOLU ŞIK LÜKS 3+1 SATILIK DAİRE,140,3+1,1.320.000,Beylikdüzü,Kavaklı
25,B.DÜZÜ SONSUZ'DAN METROBÜSE 5 DK MESAFEDE GENİŞ M2'DE LÜKS 3+1,150,3+1,1.345.000,Beylikdüzü,Yakuplu
26,SONSUZ'DAN ADNAN KAHVECİ'DE BUTİK SİTEDE 3+1 LÜX DAİRE ۳خواب,155,3+1,1.629.999,Beylikdüzü,Gürpınar
27,3+1 140m2 Net Metrobüse 5dk Kapalı otoparklı Ultra Lüks Daire,150,3+1,1.100.000,,
28,BEYLİKDÜZÜ ELİF YAPI'DAN UYGUN FİYAT ARAKAT 2+1 SATILIK DAİRE,100,2+1,715.000,Beylikdüzü,Kavaklı
29,GALATAPORT İSTANBUL'UN KARŞISINDA EMSALSİZ SATILIK DAİRE,250,4+1,25.700.000,Beyoğlu,Cihangir
30,METRO 'YA YAKIN KAPALI OTOPARKLI SIFIR ARA KAT BU FİYATA YOK!!!,130,3+1,1.850.000,Pendik,Bahçelievler
31,ADNAN KAHVECİ MAHALLESİ'NDE SİTE İÇERİSİNDE MUHTEŞEM 2+1 !!!,110,2+1,1.486.000,Beylikdüzü,Gürpınar
32,BEYLİKDÜZÜ MEHAL YAPIDAN 2+1 FİYATİN ALTINDA LÜKS DAİRE!!,95,2+1,795.000,Beylikdüzü,Kavaklı
33,ARES DEN KAVAKLI DA SİTE İÇİ 3+1 GENİŞ M2 DAİRE ! НЕДВИЖИМОСТЬ,160,3+1,1.550.000,Beylikdüzü,Kavaklı
34,BEYLİKDÜZÜ GEZGEN İNŞAAT'TAN 4.KATTA SATILIK 2+1 DAİRE,115,2+1,758.000,Beylikdüzü,Kavaklı
35,EMLAK CITYDEN BOSTANCIDA 160M2 3+1 ULTRA LÜKS 10.KAT DAİRE,160,3+1,5.100.000,Kadıköy,Bostancı
36,BÖLGENİN EN GENİŞ PEYZAJLI FUL HAVUZ CEPHE SATILIK LÜX 3+1 DAİRE,179,3+1,1.999.000,,
37,DENİZ VE BOĞAZ MANZARALI CİHANGİR ' DE 3+1 DUBLEKS DAİRE FIRSATI,208,3+1,25.600.000,Beyoğlu,Cihangir
38,MARMARA GRUP GAYRİMENKULDE YENİ METRO PROJESİ YANINDA LÜX DAİRE,120,2+1,520.000,Beylikdüzü,Kavaklı
39,BESS GRUPTAN HAVUZLU SİTE İÇERİSİNDE SAHİLE YAKIN GENİŞ 2+1,120,2+1,1.599.000,Beylikdüzü,Gürpınar
40,Newport Gayrimenkulden Novella Beş Yıldızda Satılık 3+1 Daire,143,3+1,3.500.000,Pendik,Yenişehir
41,BESS GRUPTAN HAVUZLU SİTE İÇERİSİNDE SAHİLE YAKIN GENİŞ 2+1,120,2+1,1.599.000,Beylikdüzü,Gürpınar
42,Newport Gayrimenkulden Novella Beş Yıldızda Satılık 3+1 Daire,143,3+1,3.500.000,Pendik,Yenişehir
43,NURSAN KONAKLARINDA Arakat Lüx 2+1 -TEK YETKİLİ AYAS GRUP-,98,2+1,2.200.000,Beylikdüzü,Gürpınar
44,-SAFA GYO- BEYLİKDÜZÜ ADNAN KAHVECİ BUTİK SİTE LÜX 3+1 FIRSATI!!,140,3+1,1.649.999,Beylikdüzü,Gürpınar
45,B.DÜZÜ SONSUZ GYO'DAN ÖZEL TASARIMLI MARİNAYA YAKIN 4+2 DUBLEKS,220,4+2,1.645.000,Beylikdüzü,Yakuplu
46,CİHANGİRDE TARİHİ YARIMADA VE BOĞAZ MANZARALI 4+1 DUBLEKS DAİRE,235,4+1,28.800.000,Beyoğlu,Cihangir
47,KALAMIŞ SAHİLDE PARKA 2DK 25M2BAHÇE KULLANIMLI 2+1 SATILIK DAİRE,100,2+1,3.750.000,Kadıköy,Fenerbahçe
48,AHT GAYRİMENKUL VADİSTANBUL TERAS 2+1 SATILIK BAHÇE KATI,148,2+1,11.000.000,Sarıyer,Merkez
49,BEYLİKDÜZÜ ŞAHANE YAPI'DAN TEK DAİRE ÜZERİ 120 M2 ARAKAT DAİRE!!,130,2+1,999.000,Beylikdüzü,Kavaklı
50,BEYLİKDÜZÜ SONSUZ'DAN MERKEZİ KONUMDA 2+1 ARAKAT DAİRE!!!,120,2+1,579.999,Beylikdüzü,Kavaklı
51,ALKAYA'DAN GÖZTEPE'DE SATILIK 3+1 160M²NET YASAL DUBLEKS DAİRE,220,3+1,6.900.000,Kadıköy,Göztepe
52,ACİL SATILIK 1.KAT 2+1 DAİRE BU HAFTA İÇİN GEÇERLİ FİYAT KAÇMAZ,105,2+1,619.999,Beylikdüzü,Kavaklı
53,ARES DEN SİTE İÇİ 2+1 ULTRA LÜX UYGUN FİYATLI DAİRE !,125,2+1,1.690.000,Beylikdüzü,Gürpınar
54,SİTE İÇERİSİNDE 1+0 GENİŞ SATILIK SOSYAL AKTİVİTELİ FIRSAT DAİRE,60,Stüdyo,(1+0),Beylikdüzü,Kavaklı
55,BEYLİKDÜZÜ VESA'DAN METROBÜSE 5 DK MES.TAM'DA SİZE GÖRE DAİRE!!!,100,2+1,659.000,Beylikdüzü,Kavaklı
56,BEYLİKDÜZÜ SİTE İÇERİSİNDE FULL KONSEPT DAİREMİZ ACİL SATILIK,80,1+1,1.099.000,Beylikdüzü,Kavaklı
57,BEYLİKDÜZÜ SONSUZ'DAN MARİNAYA KOMŞU SİTE İÇERİSİNDE LÜKS 3+1,160,3+1,1.899.999,Beylikdüzü,Kavaklı
58,BEYLİKDÜZÜ KARVEN'DEN SİTE İÇİ 2+1 ŞIK GÖRSELİ İLE DAİRE..!!,110,2+1,900.000,Beylikdüzü,Kavaklı
59,PİRAMİT GYO'DAN BEYLİKDÜZÜ ADNAN KAHVECİDE BUTİK SİTEDE 2+1DAİRE,130,2+1,1.890.000,Beylikdüzü,Gürpınar
60,LÜKS 3+1 135 M2 İSKANLI SİTELER BÖLGESİNDE KREDİYE UYGUN ARAKAT,147,3+1,1.100.000,,
61,BEYLİKDÜZÜ MEHAL YAPIDAN 2+1 SATILIK DAİRE FIRSATI !!!,100,2+1,1.300.000,Beylikdüzü,Kavaklı
62,BEYLİKDÜZÜ SONSUZ'DAN MUHTEŞEM DEKORLU TEK DAİRE ÜZERİ 145M2,145,2+1,489.999,Beylikdüzü,Kavaklı
63,YEDİKULE YAPI'DAN DENİZ MANZARALI SİTE İÇİ 1.SINIF LÜX DUBLEX,240,3+2,1.999.999,Beylikdüzü,Kavaklı
64,YILDIZ EMLAK AVCILAR MERKEZDE 2+1 100 M2 3.KAT SATILIK DAİRE,100,2+1,750.000,,
65,BEYLİKDÜZÜ ADNAN KAHVECİDE FULL+FULL SİTE İÇERİSİNDE 3+1 DAİRE,165,3+1,2.348.000,Beylikdüzü,Gürpınar
66,Süleymaniyede emsallerinin altında kelepir dekorlu arakat daire,100,2+1,750.000,,
67,HOME VİZYON Bahçelievler Merkezde Önü Tamamen Açık Satılık 2+1,90,2+1,1.150.000,Bahçelievler,Şirinevler
68,BAHÇEŞEHİR LOKASYONUNDA 3+1 2.KAT SIFIR LÜX SATILIK DAİRE,145,3+1,1.420.000,Başakşehir,Bahçeşehir
69,GERÇEK KONUM !! AYAS'TAN Osmanlı caddesinde full yapılı 3+1,170,3+1,2.499.999,Beylikdüzü,Gürpınar
70,ŞAHANE YAPI'DAN 2+1 130 M2 NET KULLANIM ALANIYLA SATILIK DAİRE!,140,2+1,699.000,Beylikdüzü,Kavaklı
71,B.DÜZÜ SONSUZ'DAN METROBÜSÜN HEMEN YANINDA ŞIK TASARIMLI 2+1...,110,2+1,999.900,Beylikdüzü,Yakuplu
72,ARES DEN MERKEZİ KONUM DA ULTRA LÜX 2+1 DAİRE !,120,2+1,574.000,Beylikdüzü,Kavaklı
73,BİZLER'DEN BEYLİKDÜZÜ'NDE SAHİL VE YAŞAM VADİSİNE ÇOK YAKIN 3+1,138,3+1,1.525.000,Beylikdüzü,Kavaklı
74,"ESENYURT ÜNİVERSİTESİ,CİTY CENTER AVM YAKIN CADDE KONUMUNDA 2+1",115,2+1,649.000,,
75,ACİLL! 'MUHTEŞEM KONUMDA' KREDİ LİMİTİ YOK!! 3+2 ÇATI DUBLEKSİ,220,3+2,2.298.000,Kartal,Yakacık
76,BEYLİKDÜZÜ SAFA GYO ADNAN KAHVECİ DENİZ MANZARALI 4+2,240,4+2,2.799.999,Beylikdüzü,Gürpınar
77,SAFA GYO BEYLİKDÜZÜ ULTRA LÜX 4+2 DENİZ MANZARALI DUBLEKS FIRSAT,220,4+2,2.799.999,Beylikdüzü,Gürpınar
78,BAHÇEŞEHİR AKKOZA EVLERİNDE 475 M2 SATILIK BOŞ TEK PENTHOUSE,475,5+2,6.500.000,,
79,BEYLİKDÜZÜ MARMARA GRUPTA METROBÜSE KOMŞU YAPAN SATILIK DAİRELER,115,2+1,535.000,Beylikdüzü,Kavaklı
80,BEYLİKDÜZÜ YAKUPLUDA GENİŞ 4+2 DUBLEX DAİRE,250,4+2,1.749.000,Beylikdüzü,Yakuplu
81,KAÇMAZ EMLAK'TAN KÜÇÜKYALI'DA YENİ ÖN CEPHE ARA KAT BALKONLU 3+1,125,3+1,2.695.000,Maltepe,Küçükyalı
82,ÖN LANSMAN'A ÖZEL FİYAT! GENİŞ KULLANIMLI 4+1! MARİNA'ya 3DK!,210,4+1,5.600.000,Beylikdüzü,Kavaklı
83,BEYLİKDÜZÜ MARMARA GRUP FARKINI YAŞAMAK İÇİN BİZE ULAŞINIZ,120,2+1,610.000,Beylikdüzü,Kavaklı
84,GÖKÇE'den ÖMERPAŞA'da BAĞDAT'a ÇOK YAKIN 125 m² NET 3+1 BALKONLU,170,3+1,8.250.000,Kadıköy,Caddebostan
85,MİMAROBADA 2+1 HAVUZLU SİTEDE MASRAFSIZ ARA KAT DUBLEKS DAİRE,90,2+1,1.065.000,Büyükçekmece,Merkez
86,"BEYLİKDÜZÜ ELİF'TEN UYGUN FİYAT GENİŞ,FERAH 2+1 SATILIK DAİRE",110,2+1,749.000,Beylikdüzü,Kavaklı
87,ARES DEN DENİZ MANZARALI SİTE İÇİ 4+2 DUBLEX ! НЕДВИЖИМОСТЬ,220,4+2,2.250.000,Beylikdüzü,Kavaklı
88,SONSUZDAN KOLEJLER BÖLGESİNDE EMSALLERİNİN ALTINDA 3+1 DAİRE !!!,170,3+1,1.890.000,Beylikdüzü,Gürpınar
89,BEYLİKDÜZÜ SONSUZ'DAN SİTE İÇERİSİNDE 150M2 EBEVEYN BANYOLU 3+1,160,3+1,829.999,Beylikdüzü,Kavaklı
90,NİDAPARK KÜÇÜKYALI SEDEF ETABI 2+1 95m2 DENİZ MANZ. HEMEN TESLİM,95,2+1,4.800.000,Maltepe,Küçükyalı
91,SONSUZ'DAN ADNAN KAHVECİ'DE BUTİK SİTEDE 3+1 LÜX DAİRE ۳خواب,155,3+1,1.749.000,Beylikdüzü,Gürpınar
92,BEYLİKDÜZÜ KİRACILI YATIRIMA UYGUN İSKANLI 2+1 SATILIK DAİRE,110,2+1,1.280.000,Beylikdüzü,Yakuplu
93,"BESS GRUPTAN DENIZ MANZARALI LÜKS 3+1'LER OTOPARK,GÜVENLİK",140,3+1,2.149.000,Beylikdüzü,Gürpınar
94,BEYLİKDÜZÜ AREN'DE KAPALI OTOPARKLI 0.99 FAİZ İLE SATILIK DAİRE,110,2+1,585.000,Beylikdüzü,Kavaklı
95,PENDİK ALTKAYNARCA DENİZ CADDESİ'NDE 2+1 90m2 SATILIK DAİRE,90,2+1,540.000,Pendik,Çarşı
96,BEYLİKDÜZÜ ŞAHANE YAPI'DAN ACİL SATILIK DAİRE !!!,120,2+1,599.000,Beylikdüzü,Kavaklı
97,BEYLİKDÜZÜ ARENDEN TASARIMI İLE GÖZ KAMAŞTIRAN 2+1 SATILIK DAİRE,135,2+1,565.000,Beylikdüzü,Kavaklı
98,BEYLİKDÜZÜ SONSUZ'DAN ACİL SATILIK 120M2 SIFIR DAİRE!!!,120,2+1,399.999,Beylikdüzü,Kavaklı
99,BEYLİKDÜZÜ SONSUZ'DAN ULTRA LÜX GENİŞ FERAH ARAKAT DAİRE!!!,115,2+1,599.999,Beylikdüzü,Kavaklı
100,AVANGART İSTANBUL SATILIK 1+1 TAPULU FIRSAT DAİRE,65,1+1,3.700.000,Sarıyer,Merkez
101,BEYLİKDÜZÜ MEHAL YAPIDAN 3+1 MERKEZİ KONUMDA SIFIR DAİRE !!!,130,3+1,1.400.000,Beylikdüzü,Yakuplu
102,ARTI'dan 'Tek Yetkili' Harika Deniz ve Adalar Manzaralı 5+2...,250,5+2,3.950.000,Maltepe,Küçükyalı
103,"ARTI'dan 'Tek Yetkili' Bostancı İDO'ya Yakın, İskânlı Katta 3+1!",125,3+1,2.950.000,Maltepe,Küçükyalı
104,''İNŞAAT FİRMASINDAN'' KROS VADİ PARK EVLERİ 1 95m2 2+1,95,2+1,1.350.000,Beylikdüzü,Kavaklı
105,MABEYN YAPI'DAN METROYA 5 DK MESAFEDE 2+1 SIFIR DUBLEKS !!!,130,2+1,699.999,Beylikdüzü,Kavaklı
106,TEK YETKİLİ OZLEM DEN ŞENESENEVLER DE 170m2 ARA KAT SÖMİNELİ..,170,3+1,2.875.000,Kadıköy,Bostancı
107,BEYLİKDÜZÜNDE ''VİLLA TADINDA'' LÜX İŞÇİLİK 95m2 2+1,95,2+1,1.399.000,Beylikdüzü,Kavaklı
108,SONSUZ GYO'DAN MERKEZİ KONUMDA ÇİFT BAHÇE KULLANIMLI 2+1 DAİRE!!,130,2+1,748.000,Beylikdüzü,Yakuplu
109,BEYLİKDÜZÜ ESENYURT BAHÇEŞEHİR HARAMİDERE UCUZ SİTEDE DAİRELER,150,3+1,900.000,Beylikdüzü,Kavaklı
110,SKYLAND SATILIK 2+1 170m2 26.KAT 1 AY SONRA BOŞ TESLİM,170,2+1,9.500.000,Sarıyer,Merkez
111,BEYLİKDÜZÜ ADNAN KAHVECİ LOKASYONUNA YAKIN KELEPİR 2+1,120,2+1,1.249.999,Beylikdüzü,Gürpınar
112,BAHÇEŞEHİR BAŞAKŞEHİR UCUZ SİTEDE FIRSAT DAİRE YATIRIM,119,2+1,800.000,Başakşehir,Bahçeşehir
113,YAŞAM VADİSİ'NE VE MARİNA'YA YÜRÜME MESAFESİNDE MUHTEŞEM 2+1 !!,100,2+1,1.397.000,Beylikdüzü,Kavaklı
114,BEYLİKDÜZÜ ÖNCÜ GRUPTAN METROBÜSE YAKIN 2+1 LUKS SATILIK DAİRE,100,2+1,790.000,Beylikdüzü,Kavaklı
115,Havuzlu Kapalı Otoparklı jeneratörler Full Site Yapılı Güney,170,3+1,3.000.000,Beylikdüzü,Gürpınar
116,Pendik dumlupınrda 3+1 ara kat daire 130m ön cephe,130,3+1,1.085.000,Pendik,Dolayoba
117,BEYLİKDÜZÜ AREN'DEN 115M2 BAHÇELi DAİRE !,115,2+1,399.999,Beylikdüzü,Kavaklı
118,ŞOK KAMPANYA SADECE 120.000 PEŞİN AYLIK 6.750TL EV SAHİBİ OLUN,110,2+1,520.000,Beylikdüzü,Kavaklı
119,BEYLİKDÜZÜ MEHAL YAPIDAN 1+1 İSTER HEMEN OTUR İSTER KİRAYA VER!!,85,1+1,655.000,Beylikdüzü,Kavaklı
120,DERİN YAPI'DAN METROBÜSE YAKIN ŞIK TARSARIMLI 2+1 تشطيبات فاخرة,120,2+1,1.300.000,Beylikdüzü,Yakuplu
121,DERİN YAPI'DAN METROBÜSE YAKIN ŞIK TARSARIMLI 2+1 تشطيبات فاخرة,120,2+1,1.300.000,Beylikdüzü,Yakuplu
122,ERENKÖY'DE BAĞDAT'A 2 DK DENİZ MANZARALI 150 M2 GÜVENLİKLİ 3+1,150,3+1,8.475.000,Kadıköy,Erenköy
123,SİTE İÇERİSİNDE LÜXS KULLANIŞLI DAİRE,140,2+1,1.800.000,,
124,LÜX DİZAYNA SAHİP KULLANIMA HAZIR ŞIK 2+1 SATILIK DAİRE FIRSATI,110,2+1,439.000,,
125,ORTAKÖY YOOİSTANBUL SATILIK BÜYÜK BAHÇE DUBLEKSİ,420,4+2,50.400.000,Beşiktaş,Levazım
126,ZORLU'YA KOMŞU YOOİSTANBUL'DA SATILIK PENTHOUSE,458,5+2,50.400.000,Beşiktaş,Levazım
127,BEYLİKDÜZÜ KARVEN'DEN GÖZ DOLDURAN YAPISI İLE 1+1 SİTE İÇİ DAİRE,85,1+1,749.000,Beylikdüzü,Kavaklı
128,HİSAR İNŞAAT GÜVENCESİYLE KOMİSYONSUZ MASRAFSIZ DAİRELER!!,131,3+1,3.900.000,Kadıköy,Merdivenköy
129,BEYLİKDÜZÜ SONSUZ'DAN METROYA 5DK ULTRALÜX SIFIR 2+1 120M2 DAİRE,120,2+1,679.999,Beylikdüzü,Kavaklı
130,ÜÇEL SIFIR BOSTANCI IŞIKLAR MARMARAY YAKIN LUX YAPILI 95M2 2+1!,95,2+1,2.750.000,Kadıköy,Bostancı
131,"BEYLİKDÜZÜ'NDE %0,99 FAİZ ORANINA UYGUN 2+1 BAHÇELİ BAHÇE KATI",95,2+1,750.000,Beylikdüzü,Yakuplu
132,ÜÇEL İDEALTEPE SAHİL'DE EBEVEYNLİ OTOPARKLI LUX YAPILI 165M2 3+1,165,3+1,2.900.000,Maltepe,İdealtepe
133,ÜÇEL TEK YETKİLİ DENİZ MANZARALI ARA KAT ULTRA LÜX 2+1 !!!,85,2+1,2.650.000,Maltepe,Küçükyalı
134,ÜÇEL TEK YETKİLİ BOSTANCI IŞIKLAR YAKIN ÖZEL TERAS KULLANMLI 2+1,95,2+1,2.600.000,Maltepe,Küçükyalı
135,YATIRIM'dan İdealtepe Koruda 165m2 site özelikli asansörlü 3+1,165,3+1,3.500.000,Maltepe,İdealtepe
136,ÜÇEL TEK YETKİLİ ALTINTEPE DE KAPALI OTOPARKLI BALKONLU 2+1,95,2+1,2.350.000,Maltepe,Küçükyalı
137,ÜÇEL KÜÇÜKYALI SAHİL MARMARAY YAKIN BALKONLU GENİŞ M2'Lİ 2+1!!,120,2+1,1.750.000,Maltepe,Küçükyalı
138,İCADİYEDE YERİ KONUMU MÜKENMEL 3.KAT 2+1 ÇİFT CEPELİ TEMİZ DAİRE,100,2+1,2.000.000,Üsküdar,Bağlarbaşı
139,SİNPAŞ QUEEN BOMONTİ 34.KAT HALİÇ CEPHE SATILIK 1+1,82,1+1,6.200.000,Şişli,Cumhuriyet
140,NEVA DAN ETHEMEFENDİDE SIFIR 3.KAT 110M2NET BALKONLU HAVUZLU,145,3+1,6.845.000,Kadıköy,Erenköy
141,MABEYN'DEN CUMHURİYET MAHALLESİNDE SİTE İÇİ 2+1 SIFIR LÜKS DAİRE,120,2+1,799.999,Beylikdüzü,Kavaklı
142,Sıfır Proje'de 0.89 Oranla Özel Tasarlanmış Geniş Kullanımlı 3+1,155,3+1,1.899.000,Beylikdüzü,Gürpınar
143,BÜYÜKÇEKMECE DENİZ VE ŞEHİR MANZARALI FIRSATLI 1+1 LÜKS DAİRE,73,1+1,3.300.000,,
144,AKVA YAPI'DAN BU HAFTAYA ÖZEL METROYA YAKIN 2+1 135m² BAHÇELİ,135,2+1,399.900,Beylikdüzü,Kavaklı
145,BEYLİKDÜZÜ AKVA İNŞAAT'DAN METROYA YAKIN 4+1 DUBLEKS 180m² DAİRE,180,4+1,539.900,Beylikdüzü,Kavaklı
146,BEYLİKDÜZÜ SONSUZ'DAN YENİ METRO PROJESİNE YAKIN ARAKAT DAİRE!!!,120,2+1,659.999,Beylikdüzü,Kavaklı
147,Ataşehir Ferhatpaşa da Satılık 3+1 çatı katı,116,3+1,750.000,Ataşehir,Ferhatpaşa
148,ARES DEN ÇİFT BALKONLU DENİZ MANZARALI ARA KAT 2+1 LÜX DAİRE !,115,2+1,1.149.000,Beylikdüzü,Gürpınar
149,ONE ORTAKÖY SİTESİNDE FİYAT AVANTAJLI 15 GÜN GEÇERLİ KAÇIRMAYIN,450,5+1,11.500.000,Beşiktaş,Gayrettepe
150,BÜYÜKÇEKMECE E5 E YAKIN KİRA GETİRİSİ YÜKSEK GENİŞ 1+1 DAİRE,74,1+1,2.700.000,,
151,BEYLİKDÜZÜ AKVA'DAN METROYA 5 DK GENİŞ 3 KAT 125 m² SIFIR DAİRE,125,2+1,599.900,Beylikdüzü,Kavaklı
152,BİRİKİM'den Altıntepe'de 10 Yıllık Yeşillikler İçinde 2.Kat 2+1,110,2+1,2.100.000,Maltepe,Küçükyalı
153,AKVA YAPI'DAN METROYA YAKIN MUHTEŞEM 3+1 TERASLI DUBLEKS DAİRE,180,3+1,719.900,Beylikdüzü,Kavaklı
154,ARES DEN MERKEZİ KONUM METROBÜSE YAKIN 2+1 ULTRA LÜX DAİRE!,120,2+1,1.369.000,Beylikdüzü,Yakuplu
155,SETYAP TAN CEBECİ MAH MERKEZİ KONUMDA YÜKSEK GİRİS DAİRE 2+1 95,100,2+1,750.000,Sultangazi,Cebeci
156,MABEYN'DEN SİTE İÇİ %50 PEŞİN %50 ELDEN TAKSİTLE FAİZSİZ DAİRE!!,54,Stüdyo,(1+0),Beylikdüzü,Kavaklı
157,BEYLİKDÜZÜ SONSUZ'DAN SİTE İÇERİSİNDE 125M2 2+1 ARAKAT DAİRE!!!,125,2+1,669.999,Beylikdüzü,Kavaklı
158,BEYLİKDÜZÜ MABEYN'DEN GÜVENLİKLİ SİTE İÇİ 2+1 ULTRA LÜKS DAİRE !,115,2+1,879.999,Beylikdüzü,Kavaklı
159,SAHİBİNDEN DENİZ MNZRLI 3+1,150,3+1,2.150.000,Beylikdüzü,Gürpınar
160,AVRUPA KONUTLARI TEM DE SATILIK DAİRE 2+1 KAPALI MUTFAK Ç. ODALI,114,2+1,4.100.000,Gaziosmanpaşa,Fevziçakmak
161,AKVA YAPI'DAN METROYA YAKIN ÇİFT TERASLI 3+2 DUBLEKS SIFIR DAİRE,200,3+2,999.900,Beylikdüzü,Kavaklı
162,MABEYN'DEN METROYA 2 DK MESAFEDE ULTRA LÜKS SIFIR 2+1 DAİRE !!!,120,2+1,679.999,Beylikdüzü,Kavaklı
163,MABEYN YAPI'DAN GENİŞ TERASLI 3+1 SIFIR DUBLEKS DAİRE !!,150,3+1,799.999,Beylikdüzü,Kavaklı
164,MABEYN'DEN MERKEZİ KONUMDA ACİL SATILIK SIFIR 2+1 LÜKS DAİRE !!!,120,2+1,549.999,Beylikdüzü,Kavaklı
165,ARES DEN KAPALI OTOPARKLI ARA KAT LÜX 2+1 DAİRE ! НЕДВИЖИМОСТЬ,115,2+1,1.389.000,Beylikdüzü,Gürpınar
166,BEYLİKDÜZÜ'DE YAŞAM VADİSİNİN DİBİNDE SAHİLE YÜRÜME MESAFESİ 3+2,220,3+2,1.800.000,Beylikdüzü,Kavaklı
167,BEYLİKDÜZÜ SONSUZ GYO'DAN PİYASANIN EN UYGUN 3+2 DUBLEX,190,3+2,2.199.999,,
168,MABEYN'DEN BUTİK SİTE İÇİ METROBÜSE 5 DK MESAFEDE LÜKS DAİRE !!!,120,2+1,939.999,Beylikdüzü,Kavaklı
169,POZİTİF İNVEST ten MANZARALI 1+1 DAİRE TEMMUZ TESLİM,67,1+1,1.600.000,Eyüpsultan,Kemerburgaz
170,B.DÜZÜ SONSUZ'DAN ADNAN KAHVECİ'DE SİTE İÇİ LÜKS GENİŞ 3+1 DAİRE,145,3+1,1.498.000,Beylikdüzü,Gürpınar
171,ARES DEN BARIŞ MAH DE MERKEZİ KONUM DA ULTRA LÜX 3+1 DAİRE !,160,3+1,1.990.000,Beylikdüzü,Kavaklı
172,#ACİLL#METROBÜSE 4DK MESAFEDE 2+1 100M2 ULTRALÜX SATILIK DAİRE#,110,2+1,419.000,Beylikdüzü,Kavaklı
173,ATAŞEHİR KAYIŞDAĞ'DA BÜYÜK M2'Lİ DUBLEKS 4+1,160,4+1,2.850.000,Ataşehir,Kayışdağı
174,SIFIR İSKANLI OTOPARKLI 3+1-AKTİF GAYRİMENKUL ARSA KONUT OFİSİ-,100,3+1,1.900.000,Bahçelievler,Hürriyet
175,BARIŞ MAHALLESİ'NDE ŞIK TASARIMLI GENİŞ M2 'Lİ MUHTEŞEM 3+1 ...,145,3+1,2.047.000,Beylikdüzü,Kavaklı
176,BEYLİKDÜZÜ MARİNAYA KOMŞU HAYALLERİN ÖTESİNDE KONSEPT DAİRELER,154,2+1,4.100.000,Beylikdüzü,Yakuplu
177,EVAKENT'TEN 3+1 140M2 MERKEZİ KONUMDA FULL DEKORLU SATILIK DAİRE,145,3+1,1.089.000,,
178,BULVAR 3+1,174,3+1,4.350.000,,
179,YENİ METROBÜS GÜZERGAHINDA YATIRIMLIK & OTURUMLUK SATILIK DAİRE,90,1+1,830.000,Esenyurt,Haramidere
180,BEYLİKDÜZÜ ARENA: MERKEZİ KONUMDA YÜKSEK PRİM GETİRİLİ 2+1 DAİRE,110,2+1,685.000,Beylikdüzü,Merkez
181,BEYLİKDÜZÜ BEYKENT ADNAN KAHVECİDE SİTE İÇİ SATILIK 2+1,105,2+1,2.850.000,Beylikdüzü,Gürpınar
182,ŞIK TASARIMA SAHİP MERKEZİ KONUMDA 2+1 HAFTANIN FIRSAT DAİRESİ,110,2+1,439.000,,
183,ÇİFT BALKONLU TÜM ÇEPHE AÇIK ASANSÖRLÜ İSKANLI 2+1 ARAKAT DAİRE,95,2+1,899.000,,
184,AVCILAR MERKEZDE BUTİK SİTE İÇİNDE SATİLİK 3+1 BAHCE KATİ DAİRE,120,3+1,1.350.000,,
185,MEHMET AKİF'DE SATİLİK 1+1 BAHÇEKAT 2000 TL KİRA GETİRİLİ,50,1+1,195.000,Küçükçekmece,Halkalı
186,İSKANLI KREDİYE UYGUN BALKONLU 2+1 ARAKAT YÜKSEK GİRİŞ DAİRE,95,2+1,649.000,,
187,YAPISAN VADİ DE İSKANLI 2+1 15 M2 TERASLI DAİRE,115,2+1,1.447.000,Tuzla,Aydınlı
188,BEYLİKDÜZÜ ŞAHANE'DEN SİTE İÇERİSİNDE ULTRA LÜX DAİRE FIRSATI !!,145,2+1,1.000.000,Beylikdüzü,Kavaklı
189,BEYLİKDÜZÜ SONSUZ GYO'DAN ULTRA LÜKS HAVUZLU BUTİK SİTEDE 3+1,150,3+1,2.849.999,Beylikdüzü,Gürpınar
190,Etiler Maya Residences'da Satılık Bahçe Katı Daire,320,4+1,30.000.000,Beşiktaş,Etiler
191,BEYLİKDÜZÜ YAKUPLUDA ASANSÖRLÜ BİNADA İSKANLI DUBLEKS DAİRE,160,4+1,1.680.000,Beylikdüzü,Yakuplu
192,KOZYATAĞINDA BALKONLU 3+1 135M2 MİMARİ DEKORLU AYDINLIK FERAH,135,3+1,3.600.000,Kadıköy,Kozyatağı
193,CONCEPT'TEN NOUVEL MALTEPE SİTESİNİN EN EŞSİZ MANZARALI 3+1'İ,133,3+1,5.750.000,Maltepe,Yalı
194,EVBUL GAYRİMENKLDE HAFTANIN FIRSATI-2+1 90 m2 GÜNEY CEPHE ARAKAT,95,2+1,969.000,,
195,CB EXTRA'DAN GÖZTEPE KARANFİL SOKAKTA ÇOK FERAH 3+1,145,3+1,3.750.000,Kadıköy,Göztepe
196,ACİL MERKEZDE PTT ARKASI 5+2 200 M² KÖŞE BAŞI YÜKSK ÇATI DUBLEKS,250,4+2,2.100.000,,
197,ADNAN KAHVECİ'DE HAVUZLU SİTE İÇERİSİNDE MUHTEŞEM 4+2 FIRSATI !!,220,4+2,2.748.000,Beylikdüzü,Gürpınar
198,BEYLİKDÜZÜ AKVA İNŞAAT'DAN SIFIR İSKANLI 2+1 3 KAT ACİL SATILIK,115,2+1,649.900,Beylikdüzü,Kavaklı
199,ATÖLYEDEN TEK YETKİLİ ETEMEFENDİDE 110M2NET SIFIR BALKON HAVUZLU,145,3+1,6.845.000,Kadıköy,Erenköy
200,FULL ÖZELLİKLİ SİTE İÇERİSİNDE 2+1 ÖZEL TASARIM SATILIK DAİRE !,135,2+1,815.000,Beylikdüzü,Kavaklı
201,GAZİOSMANPAŞA MERKEZ MAH 85m2 2+1 BALKONLU Y.GİRİŞ 11 YILLIK,85,2+1,885.000,,
202,METROBÜS ÇOK YAKIN BÜTİK SİTE İÇERİSİNDE 2+1 110M2 SATILIK DAİRE,110,2+1,785.000,,
203,METROBÜS GÜZERGAHINDA 2+1 110M2 LÜKS FERAH TEMİZ SATILIK DAİRE,110,2+1,850.000,,
204,Zorlu Center Yanı Süper Lüx 3+1 Teraslı Penthouse,220,3+1,16.000.000,Beşiktaş,Levazım
205,DOĞAN ARASLI BULVARINDA OKUL AVM KARŞISI 110M2 2+1 SATILIK DAİRE,110,2+1,750.000,,
206,MERKEZİ KONUMDA EBEVEYN BANYOLU 3+1 SATILIK ARAKAT DAİRE,150,3+1,1.500.000,,
207,"BEYLİKDÜZÜ DE HAVUZLU,GÜVENLİKLİ SİTE İÇİNDE KİRA GARANTİLİ",210,4+2,2.650.000,Beylikdüzü,Gürpınar
208,ARTE EMLAK - TEK YETKİ | ESENTEPE'DE SIFIR BAHÇELİ OTOPARKLI 3+1,139,3+1,1.925.000,Kartal,Esentepe
209,ÖNCÜ GRUP TAN KREDİYE UYGUN MERKEZİ KONUMDA LÜX DUBLEXS,200,4+1,1.999.999,Esenyurt,Haramidere
210,FUZUL AVRASYA BAŞAKŞEHİR 2+1 83.50 m2 شقة للبيع في مجمع,124,2+1,3.750.000,Başakşehir,İkitelli
211,BÜYÜKÇEMECE PINARTEPE' DE MUHTEŞEM DENİZ VE GÖL MANZARALI DUBLEX,256,5+2,4.990.000,,
212,ARES DEN BAYRAM ÖNCESİ KAÇIRILMIYCAK FIRSAT 4+2 DUBLEX DAİRE !,220,4+2,2.059.000,Beylikdüzü,Yakuplu
213,BAHÇELİEVLERDE SIFIR 2+1 DÜZ GİRİŞ SATILIK DAİRE,75,2+1,800.000,Bahçelievler,Siyavuşpaşa
214,BEYLİKDÜZÜ SONSUZ'DAN SİTE İÇİ KAPALI OTOPARKLI GENİŞ LÜX 2+1,125,2+1,1.689.999,Beylikdüzü,Gürpınar
215,KARTAL DEMİRLİ PARK HAVUZ DENİZ MNZ BALKONLU VE KIŞ BAHÇELİ 2+1,145,2+1,2.650.000,Kartal,Soğanlık
216,Referans Bahçeşehir Projesinde 3+1 Göl Manzara Satılık DAİRE,166,3+1,5.100.000,Başakşehir,Bahçeşehir
217,Ç.HAVUZLAR BÜYÜK KLÜBE YAKIN 3+1 BALKONLU KAÇIRILMAYACAK FIRSAT,135,3+1,7.450.000,Kadıköy,Caddebostan
218,GREAT DEAL BEST PART OF BEYLIKDUZU ADNAN KAHVECI 6+2 XL VILLA!,450,6+2,6.300.000,Beylikdüzü,Gürpınar
219,SUADİYE'DE AKTÜEL'DEN BAĞDATA YAKIN 135M2 BALKON KOMBİLİ FIRSAT,135,3+1,4.500.000,Kadıköy,Suadiye
220,BEYLİKDÜZÜ YEDİKULE GYO'DAN HEM SAHİL HEM MERKEZE 3 DK LÜX 3+1,160,3+1,2.049.999,Beylikdüzü,Kavaklı
221,BEYLİKDÜZÜ YEDİKULE GYO'DAN HEM SAHİL HEM MERKEZE 3 DK LÜX 3+1,160,3+1,2.049.999,Beylikdüzü,Kavaklı
222,İNŞ FİRMASINDAN BEYLİKDÜZÜ YAŞAM VADİSİ &MARİNAYA KOMŞU DAİRELER,140,3+1,2.200.000,Beylikdüzü,Kavaklı
223,ÖNCÜ GRUP GÜVENCESİYLE ŞEHRİN MERKEZİNDE 3+1 ULTRA LÜKS DAİRE,135,3+1,1.100.000,Beylikdüzü,Kavaklı
224,ÇOK ACİL ESENYURT YUNUS EMRE MAH. 2+1 KULLANIŞLI ARAKAT DAİRE,110,2+1,714.000,,
225,BEYLİKDÜZÜ ARES İNŞAAT UYGUN BÜTÇEYE LÜX FIRSATLAR SUNUYOR...,75,1+1,324.000,Beylikdüzü,Kavaklı
226,BAHÇEŞEHİR 2.KISIM BOĞAZKÖY TADİLATLI SIFIR SATILIK 4+1 DAİRE,165,4+1,2.150.000,Başakşehir,Bahçeşehir
227,BEYLİKDÜZÜ KAVAKLI'DA BUTİK SİTE İÇERİSİNDE DENİZ MANZARALI 2+1!,130,2+1,1.760.000,Beylikdüzü,Kavaklı
228,SERKAN EMLAKTAN KURTULUŞ YİĞİTBAŞI SOKAKTA BAHÇELİ DAİRE,115,2+1,1.100.000,Şişli,Bozkurt
229,"BEYLİKDÜZÜ ELİF'TEN METRO'YA YAKIN 2+1 GERÇEK DAİRE,GERÇEK FİYAT",100,2+1,729.000,Beylikdüzü,Merkez
230,B.DÜZÜ SONSUZ'DAN FULL KONSEPTLİ SOSYAL SİTEDE ULTRA LÜKS 3+1,180,3+1,3.750.000,Beylikdüzü,Kavaklı
231,BEYLİKDÜZÜ ADNAN KAHVECİ MAH. 3+1 SATILIK DAİRE,148,3+1,2.000.000,Beylikdüzü,Gürpınar
232,ESENYURT'DA METROBÜSE YÜRÜME MESAFESİNDE 2+1 SATILIK DAİRE..!,110,2+1,1.050.000,,
233,Bosphorus City Gölkule'de 2+1 Satılık,110,2+1,2.100.000,Küçükçekmece,Halkalı
234,BEYLİKDÜZÜ SONSUZ'DAN ACİL SATILIK 2+1 120M2 DÜZ GİRİŞ DAİRE!!!,120,2+1,499.999,Beylikdüzü,Kavaklı
235,Gürpınar Mah. Merkezinde Ulaşıma Pazara Okula Yakın Lüx 3+1,140,3+1,1.551.000,Beylikdüzü,Gürpınar
236,GEM GRUP'TAN HAFTANIN ''EN''LERİ ARASINDA ULTRA LÜKS 2+1 DAİRE,135,2+1,1.689.000,Beylikdüzü,Gürpınar
237,MİNAS PARK'TA 5+2 SATILIK DUBLEKS DAİRE,270,5+2,5.000.000,Beylikdüzü,Gürpınar
238,Приходит для турецкого гражданство,165,3+1,4.290.000,,
239,VESA'DAN METROBÜSE YAKIN MERKEZİ KONUM'DA ACİL SATILIK 2+1 DAİRE,115,2+1,799.000,Beylikdüzü,Kavaklı
240,BEYLİKDÜZÜ AREN'DEN BAYRAM FIRSATI KUPON LÜKS SİTE DE 2+1 DAİRE,125,2+1,653.000,Beylikdüzü,Kavaklı
241,BEYLİDÜZÜ AREN'DEN BAYRAM HEDİYESİ ! EV ALANA MOBİLYA BİZDEN !,115,2+0,780.000,Beylikdüzü,Kavaklı
242,ARES DEN MERKEZİ KONUM DA UYGUN FİYATLI 3+1 DAİRE ! НЕДВИЖИМОСТЬ,160,3+1,1.539.000,Beylikdüzü,Gürpınar
243,B.DÜZÜ SONSUZ GYO'DAN METROBÜSE 10 DK HAFTANIN FIRSAT DAİRESİ...,115,2+1,1.550.000,Beylikdüzü,Yakuplu
244,BEYLİKDÜZÜ GEM GRUP'TAN UYGUN FİYATLI ULTRA LÜKS 3+1 DAİRE,145,3+1,1.589.999,Beylikdüzü,Gürpınar
245,MERKEZİ KONUMDA ULAŞIMA YAKIN ŞIK GÖRSELİ İLE GÖZ KAMAŞTIRAN 2+1,110,2+1,1.297.000,Beylikdüzü,Yakuplu
246,BEYLİKDÜZÜNDE SATILIK DAIRELERİMİZİ GEZMEDEN KARAR VERMEYİN,120,2+1,645.000,Beylikdüzü,Kavaklı
247,BEYLİKDÜZÜ KAVAKLI'DA ŞIK GÖRSELİ İLE GÖZ KAMAŞTIRAN BAHÇELİ 3+1,120,2+1,1.250.000,Beylikdüzü,Kavaklı
248,Maltepe Yalıda Nouvel Projesinde Vatandaşlığa Uygun Satılık 3+1,133,3+1,4.300.000,Maltepe,Yalı
249,BÜYÜKÇEKMECE ALKENTTE ŞEHİR MANZARALI AVANTAJLI 3+1 DAİRE,187,3+1,5.100.000,,
250,УМНЫЙ ДОМ 1+1 В БЕЙЛИКДЮЗЮ,100,1+1,2.630.000,Beylikdüzü,Yakuplu
251,ESENYURT SÜLEYMANİYE MAHALLESİNDE 2+1 KULLANIŞLI BAHÇE KATIDAİRE,100,2+1,479.500,,
252,ZEN'DEN ÇOK ACİL SATILIK 2+1 ARA KAT DAİRE,110,2+1,459.000,Beylikdüzü,Kavaklı
253,AKVA İNŞAAT'DAN METROYA YAKIN 3+1 SIFIR DUBLEKS DAİRE !!!,180,3+1,549.900,Beylikdüzü,Kavaklı
254,ŞİŞLİ'DE İSKANDİNAV STİLİ ÖZEL TASARIM DAİRE,105,2+1,3.375.000,,
255,ДЕШЕВАЯ КВАРТИРА 1+1 ДЛЯ ПРОДАЖИ В БАХЧЕШЕХИРЕ,82,1+1,1.720.000,,
256,KURTKÖY MERKEZDE SİTE İÇİNDE 3+1 SATILIK ARAKAT İSKANLI DAİRE,120,3+1,1.850.000,Pendik,Yenişehir
257,"BEYLİKDÜZÜ SONSUZ GYO'DA 0,99 FAİZ ORANIYLA TAMAMINA KREDİLİ 2+1",135,2+1,1.568.000,Beylikdüzü,Gürpınar
258,MERKEZİ LOKASYONDA 2+1 ULTRA GENİŞ LÜX FIRSAT SATILIK DAİRE,110,2+1,685.000,Esenyurt,Haramidere
259,BEYLİKDÜZÜ ADAKENTTE TURYAPTAN BAKIMLI 3+1 160m2 DAİRE,160,3+1,2.500.000,Beylikdüzü,Kavaklı
260,İKİZLER EMLAK'TAN 3+2 200 M2DUBLEX HARİKA KONUM SÜPER FIRSAT,200,3+2,1.850.000,Ümraniye,Çakmak
261,BEYLİKDÜZÜ ADAKENTTE TURYAPTAN BAKIMLI 3+1 160m2 DAİRE,160,3+1,2.500.000,Beylikdüzü,Kavaklı
262,İKİZLER EMLAK'TAN 3+2 200 M2DUBLEX HARİKA KONUM SÜPER FIRSAT,200,3+2,1.850.000,Ümraniye,Çakmak
263,PİRAMİT GYO'DAN 2+1 VATANDAŞLIGA UYGUN ARA KAT FIRSAT DAİRE !!,110,2+1,1.350.000,Beylikdüzü,Gürpınar
264,METROBÜSE VE MARMARA PARKA YÜRÜME MESAFESİNDE BAHÇELİ 2+1 İSKANL,75,2+1,645.000,,
265,BEYLİKDÜZÜ GEZGEN İNŞ'TAN 110m2 SATILIK 2+1 FIRSAT DAİRE,110,2+1,748.000,Beylikdüzü,Kavaklı
266,BEYLİKDÜZÜ ELİF YAPI'DAN ŞIK TASARIMLI UYGUN FİYAT 2+1 SATILIK,100,2+1,639.000,Beylikdüzü,Kavaklı
267,5.LEVENT TORUNLAR SATILIK 2+1 113m2 GÜNEY CEPHE FIRSAT DAİRE,113,2+1,5.150.000,Eyüpsultan,Alibeyköy
268,ALKENT 2000'NDE YATIRIM İÇİN AVANTAJLI FİYATA 1+1 DAİRE,90,1+1,2.600.000,,
269,Sefaköy merkezde satılık daire,85,1+1,570.000,Küçükçekmece,Sefaköy
270,EMAY'DAN MERDİVENKÖY'DE NET:102M2 SİTE İÇİNDE 3+1 FERAH DAİRE,150,3+1,4.390.000,Kadıköy,Merdivenköy
271,MARMARA MAHALLESİNDE DENİZ GÖREN TERASA SAHİP SİTEİÇİ 4+2,210,4+2,2.419.000,Beylikdüzü,Yakuplu
272,BEYLİKDÜZÜ BEYKENT'TE ARAKAT 2+1 FIRSAT DAİRE,120,2+1,1.690.000,Beylikdüzü,Gürpınar
273,COUNTRY'DEN ''TEK YETKİLİ''ŞA ŞKINBAKKAL SAHİLDE EBEVEYNLİ 3+1,105,3+1,7.750.000,Kadıköy,Suadiye
274,BEYLİKDÜZÜ ARES YAPI'DAN ÖZEL DEKORASYONLU 3+1 LÜX ARA KAT DAİRE,140,3+1,699.000,Beylikdüzü,Kavaklı
275,BEYLİKDÜZÜ KAVAKLI'DA DENİZ MANZARALI TERASLI 3+2 DUBLEKS DAİRE,220,3+2,2.299.000,Beylikdüzü,Kavaklı
276,TAŞDELENDE DAİREYE ÖZEL BAHÇE KULLANIMLI 1+1 GİRİŞ KAT DAİRE,60,1+1,950.000,Çekmeköy,Taşdelen
277,BEYLİKDÜZÜ TURKUAZ'DAN CADDE ÜSTÜ KÖŞE BAŞI AAA+ KALİTE ŞIK !!!!,110,2+1,1.100.000,Beylikdüzü,Yakuplu
278,BEYLİKDÜZÜ GEZGEN İNŞAAT'TAN HAFTANIN 3+1 FIRSAT DAİRESİ!,130,3+1,1.450.000,Beylikdüzü,Kavaklı
279,5.LEVENT TORUNLAR SATILIK 3+1 194m2 GÜNEY CEPHE ŞIK DAİRE,194,3+1,9.000.000,Eyüpsultan,Alibeyköy
280,ARTE EMLAK-TEK YETKİ | KORDONDA GENİŞ DAİRE SEVERLERE FIRSAT 2+1,101,2+1,1.235.000,KartalRahmanlar (Atalar,)
281,ARTE EMLAK-TEK YETKİ | KORDONDA GENİŞ DAİRE SEVERLERE FIRSAT 2+1,101,2+1,1.235.000,KartalRahmanlar (Atalar,)
282,BEYLİKDÜZÜ ADNAN KAHVECİDE '''KELEPİR''' BU FİYATA YOK 185m2 3+2,185,3+2,1.799.000,Beylikdüzü,Gürpınar
283,BÜYÜKÇEKMECE DENİZ MANZARLI AVANTAJLI LANSMAN FIYATI İLE 2+1,160,2+1,5.300.000,,
284,ALKENT 2000 MAHALLESİNDE DENİZ MANZARALI YÜKSEK KAT LÜKS 1+1,92,1+1,3.100.000,,
285,ALKENT 2000 FIRSAT FİYATIYLA ŞEHİR MANZARALI 1+1 BALKONLU DAİRE,88,1+1,2.500.000,,
286,OZAN İNŞAAT'TAN 2+1 90m2 SIFIR BİNA SIFIR DAİRE,105,2+1,1.130.000,Beylikdüzü,Yakuplu
287,Beylikdüzü Alya Marin Sitesi Vatandaşlık Uygun 3+1 Satılık Daire,180,3+1,4.600.000,Beylikdüzü,Kavaklı
288,BEYLİKDÜZÜ FONYAP İNŞAAT'TAN 1+1 2+1 4+2 SATILIK DAİRELER,120,2+1,1.300.000,Beylikdüzü,Yakuplu
289,5.LEVENT TORUNLAR SATILIK 4+1 PEYZAJ MANZARALI DAİRE,208,4+1,12.900.000,Eyüpsultan,Alibeyköy
290,BEYLİKDÜZÜNDE FİYATLARA İNAT!!! BUTİK SİTE İÇİ 95m2 2+1,95,2+1,1.220.000,Beylikdüzü,Kavaklı
291,Sancaktepe Safa Mah 3+1 120m2 Balkonlu %80 Kredi Çekme İmkanı,120,3+1,900.000,Sancaktepe,Yenidoğan
292,5.LEVENT TORUNLAR SATILIK 1+1 99m2 BÜYÜK TİP GÜNCEL KÖŞE DAİRE,99,1+1,3.400.000,Eyüpsultan,Alibeyköy
293,SELAHADDİN EYÜBİ MAHALLESİNDE MASRAFSIZ SIFIR 2+1 ARAKAT !!!,110,2+1,715.000,,
294,INTER WORLD GAYRİMENKUL'DEN İKBAL CADDESİNDE Y.GİRİŞ 85 M2 2+1,85,2+1,985.000,Ümraniye,Çakmak
295,SANCAKTEPE AKPINAR MAHALLESİNDE SATILIK % 80 KREDİ İMKANI,110,3+1,1.175.000,Sancaktepe,Samandıra
296,BEYLİKDÜZÜ ELİF YAPI'DAN ULAŞIMA YAKIN 2+1 SATILIK DAİRE,100,2+1,599.000,Beylikdüzü,Kavaklı
297,NEF BAHÇELİEVLER 3+1 220m2+53m2 TERAS TC CİTİZENSHİP,220,3+1,7.500.000,Bahçelievler,Merkez
298,GREAT INVESTMENT OPPORTUNITY FROM MSY NEFES,175,4+1,5.076.000,Pendik,Dolayoba
299,BEYLİKDÜZÜ GEZGEN İNŞAAT'TAN GENİŞ ŞIK TASARIMLI 2+1 DAİRE!,120,2+1,1.080.000,Beylikdüzü,Kavaklı
300,"VADİSTANBUL TERAS EVLERİ SATILIK 3,5+1 GÜZEL KONUMLU DAİRE",174,3.5+1,12.900.000,Sarıyer,Merkez
301,BEYLİKDÜZÜ'NDE ŞIK TASARIMLI GENİŞ KULLANIMLI 3+1недвижимость,160,3+1,1.575.000,Beylikdüzü,Gürpınar
302,VADİSTANBUL TERAS EVLERİ SATILIK 2+1 BOŞ & ORMAN MANZARALI DAİRE,148,2+1,9.900.000,Sarıyer,Merkez
303,BEYLİKDÜZÜ YEDİKULE YAPI'DA METROBÜSE YAKIN ÖZEL TASARIM LÜX 2+1,125,2+1,1.550.000,Beylikdüzü,Yakuplu
304,ARTI'dan 'Tek Yetkili' Minibüs Yolu'na Yakın Emsalsiz Fehalıkta!,140,3+1,2.850.000,Maltepe,İdealtepe
305,VADİSTANBUL PARK ETABINDA SATILIK 1+1 98m2 GÜZEL KONUMLU DAİRE,98,1+1,5.700.000,Sarıyer,Merkez
306,GÖKÇE'den ÇİFTEHAVUZLAR SAHİL PARSELİ BALKONLU YENİ BİNADA 3+1,145,3+1,7.450.000,Kadıköy,Caddebostan
307,VADİSTANBUL PARK ETABINDA SATILIK 4+1 220m2 ŞIK DAİRE,220,4+1,19.200.000,Sarıyer,Merkez
308,TOWER DAN VADİSTANBUL TERAS 3.5+1 174m2 SATILIK DAİRE,174,3.5+1,12.950.000,Sarıyer,Merkez
309,VESA GYO'DAN BUTİK SİTE'DE MERKEZİ KONUMDA SATILIK 2+1 DAİRE!!,110,2+1,1.199.000,Beylikdüzü,Kavaklı
310,DENİZ MANZARALI LÜXS DAİRE,140,2+1,1.900.000,,
311,SON 1 DAİREMİZ! KAMER SOKAKTA SIFIR 80m2 2+1 ARA KAT DAİRE,80,2+1,1.500.000,,
312,AVANGART İSTANBUL DA SATILIK 4+1 FERAH CEPHELİ DAİRE,220,4+1,11.500.000,Sarıyer,Merkez
313,Sahibinden zigana evlerinde satılık lüx daire,220,3+1,2.900.000,Beylikdüzü,Kavaklı
314,STARDAN FUUL ADA SİTESİNDE DOĞA DENİZ MANZARALI ARAKAT 2+1 DAİRE,108,2+1,2.450.000,Maltepe,Zümrütevler
315,MABEYN'DEN METROYA 5 DK MESAFEDE ACİL SATILIK SIFIR 2+1 DAİRE !!,120,2+1,759.999,Beylikdüzü,Kavaklı
316,bu fiyat kaçmaz ferah geniş dubleks merkezi konumda,150,2+2,1.700.000,Küçükçekmece,Halkalı
317,BEYLİKDÜZÜ ARENDE CUMHURİYETTE SİTEİÇİ HAVUZ CEPHE SATILIK DAİRE,125,2+1,755.000,Beylikdüzü,Kavaklı
318,SAHİBİNDEN ACİL DUBLEX BAĞDATCAD GÜVENLİKLİKLİ SİTEDE ULTRA LÜKS,280,3+1,6.900.000,Maltepe,İdealtepe
319,Kayaşehir 24. Bölge SAHİBİNDEN S Tipi 3+1 Ebeveyn Banyolu Daire,119,3+1,2.550.000,Başakşehir,İkitelli
320,Beylikdüzü nde Full Sosyal Site İçerisinde Geniş 3+1 Fırsatı ! -,150,3+1,1.499.000,Beylikdüzü,Gürpınar
321,Ana Bulvar Üzeri Yaşam Vadi Manzaralı 2+1 Fiyatına 3+1 Dubleks,150,3+1,1.789.000,Beylikdüzü,Gürpınar
322,EMAY'dan YENİ FİKRTEPE MANDIRA'da4+1 TERASLI SIFIR DUBLEX DAİRE,210,4+1,5.000.000,Kadıköy,Fikirtepe
323,EMSALSİZ 255 m² NET ÖZEL YAPIM ARA KAT DAİRE 4 BANYO 80m² SALON,330,4+1,11.750.000,Kadıköy,Erenköy
324,ARES DEN FULL CONCEPT SİTE 3+1 ARA KAT LÜX DAİRE! НЕДВИЖИМОСТЬ,160,3+1,2.299.000,Beylikdüzü,Gürpınar
325,ATS İNŞAAT SATIŞ OFİSİNDEN 125m2 3+1 SATILIK İSKANLI DAİRE,125,3+1,2.300.000,Tuzla,Postane
326,KAÇMAZ_KARTAL SAHİLDE GÜVENLİKLİ SITE İÇİ SATILIK LOFT DAİRE,75,1+1,1.250.000,KartalRahmanlar (Atalar,)
327,GRİ'DEN TUZLA KAZIM KARABEKİR CAD. FIRSAT SATILIK 3+1 DAİRE145M2,145,3+1,1.999.000,Tuzla,Tersaneler
328,TURGUT EMLAK'TAN CENTRAL HOSPİTAL YAKINI KOMPLE YENİLENMİŞ 3+1,130,3+1,3.600.000,Kadıköy,Kozyatağı
329,HAFTANIN GENİŞ 2+1 BÜYÜK MUTFAKLI FIRSAT SATILIK LÜKS DAİRESİ,110,2+1,439.000,Beylikdüzü,Kavaklı
330,BEYLİKDÜZÜ ATLASMARİN'DEN MARİNAYA KOMŞU SİTEDE 3+1 DAİRE,165,3+1,3.149.000,Beylikdüzü,Yakuplu
331,BEYLİKDÜZÜ MERKEZDE METROBÜSE YAKIN FULL YAPILI EMSALSİZ DAİRE,95,2+1,999.000,Beylikdüzü,Yakuplu
332,ÖN-LANSMAN'a ÖZEL MÜSTAKİL BAHÇELİ DUBLEKS 2+1 / BEYLİKDÜZÜ,142,2+1,3.800.000,Beylikdüzü,Kavaklı
333,KALE YAPIDAN KULLANIMA HAZIR ŞIK 2+1 SATILIK DAİRE FIRSATI,110,2+1,439.000,,
334,VİENN GAYRİMENKUL'DEN SAHİL MAH'DE SİTEDE 3+1 DAİRE FIRSATI,155,3+1,2.099.999,Beylikdüzü,Kavaklı
335,ÜNİVERSİTE VE AVMYE YÜRÜME MESAFESİNDE 3+1 4.KATTA SATILIK DAİRE,145,3+1,1.100.000,,
336,BÖLGENİN EN GENİŞ 2+1 BAHÇE KATI DAİRESİ 130 M2,95,2+1,499.000,,
337,3+1 130m2 SIFIR METROBUSE YÜRÜME 10 DAKİKA SATILIK ARAKAT DAİRE,130,3+1,1.315.000,,
338,DERİN YAPI'DAN YAŞAM VADİSİ MANZARALI MARİNAYA YAKIN DUBLEKS!!!,200,3+1,1.885.000,Beylikdüzü,Kavaklı
339,2+1 YATIRIM FIRSATI EN İYİ FİYAT İLE ÖN-LANSMAN'da // BEYLİKDÜZÜ,134,2+1,3.600.000,Beylikdüzü,Kavaklı
340,BAHÇEŞEHİR LOKASYONUNDA TASARIMLI 2+1 BAHÇE KATI SATILIK DAİRE,90,2+1,529.000,Başakşehir,Bahçeşehir
341,BAHÇEŞEHİR LOKASYONUNDA TASARIMLI 2+1 BAHÇE KATI SATILIK DAİRE,90,2+1,529.000,Başakşehir,Bahçeşehir
342,ÜNİVERSİTE VE AVMYE YÜRÜME MESAFESİNDE 3 KATTA 2+1 SATILIK DAİRE,100,2+1,860.000,,
343,SAHİBİNDEN NADİYA ÇAMLICA LÜKS DİZAYN TERASLI ÇİFT CEPHE DUBLEKS,255,5+2,8.250.000,Üsküdar,Bulgurlu
344,"FİDAN'DAN SAHRAYI CEDİT - ATATÜRK CAD. YAKIN, 3+1 BAKIMLI, 135M2",135,3+1,2.675.000,Kadıköy,Sahrayıcedit
345,WEN CADDEDEN ŞAŞKINBAKKAL SAHİLDE DENİZ MANZARALI KATTA TEK 4+1,260,4.5+1,14.650.000,Kadıköy,Suadiye
346,ESENYURT ESENCAN HASTANESİNE YAKIN MUHTEŞEM FİYAT 2.KAT,100,2+1,519.000,,
347,ESENYURT SÜLEYMANİYE MAH SATILIK ULTRA LÜX YÜKSEK GİRİŞ!!!!,105,2+1,559.000,,
348,Lider'den İdealtepe Marmaraya Çok Yakın Yeni Bina'da 1+1 55m² !!,55,1+1,1.590.000,Maltepe,İdealtepe
349,2+1 наручники на квартиру для экстренной продажи,122,2+1,3.172.000,,
350,BEYLİKDÜZÜ'NDE 3+1 ARAKAT GENİŞ VE FERAH KULLANIMLI DAİRE !,150,3+1,1.050.000,Beylikdüzü,Kavaklı
351,SAHİBİNDEN Fenerbahçe Güvenlikli Y.Havuzlu Yeni Bina Satılık 4+1,245,4+1,15.500.000,Kadıköy,Fenerbahçe
352,AKÇADAĞ GAYRİMENKUL' DEN SİTE İÇERİSİNDE 700.000TL KREDİLİ KONUT,130,3+1,1.445.000,Tuzla,Aydınlı
353,UTKU'DAN TEK YETKİLİ! ÖZEL YAPIM MEGA LÜKS 135m2 NET 4+1 BALKON,165,4+1,14.000.000,Kadıköy,Suadiye
354,ULAŞIMA YAKIN MESAFEDE FERAH KULLANIMLI SIFIR SATILIK DAİRE !,115,2+1,645.000,Beylikdüzü,Kavaklı
355,KOZYATAĞI KOZZY LIFE SATILIK 3+1 SUPER LÜKS DAİRE,135,3+1,6.250.000,Kadıköy,Kozyatağı
356,Tatlısu Mahallesi Muhtarlığın Yanında 3+1 İskanlı 135 m2 Satılık,135,3+1,2.425.000,Ümraniye,Şerifali
357,INNOVIA 2 IN THE MAIN BLOCKS 3+1 AT C BLOCK FOR SALE,127,3+1,1.700.000,,
358,Fenerbahçe Dubleks Deniz Manzaralı 6+1 Katta Tek,437,6+1,26.000.000,Kadıköy,Fenerbahçe
359,BEYLİKDÜZÜ ALBAYRAK YAPIDAN METROBÜSE 10 DK MESAFELİ 2+1 DAİRE,115,2+1,940.000,Beylikdüzü,Yakuplu
360,İNCİDEN 122 EVLERDE CADDE ÜSTÜNDE OTOPARKLI 2+1 3 KAT 1650.000TL,80,2+1,1.650.000,Maltepe,Zümrütevler
361,HEDEFLİ'DEN GÜVENLİKLİ SİTEDE KORU PARKINA YAKIN 185M2 3+1 DAİRE,185,3+1,3.500.000,Maltepe,İdealtepe
362,BEBEK ÜSTÜNDE PANORAMİK BOĞAZ MANZARALI SATILIK DAİRE,160,2.5+1,20.000.000,Beşiktaş,Bebek
363,ПРОДАЕТСЯ КВАРТИРА 2+1 В ЭСЕНЮРТЕ Е5,90,2+1,1.440.000,,
364,EYÜP&MERT'TEN SIFIR SAHİLDE 8500tl KİRAGETİRİLİ TERASLI 2+1 90M2,90,2+1,2.725.000,Kadıköy,Bostancı
365,BEYLİKDÜZÜ AREN'DEN SİTE İÇİNDE GÜVENLİKLİ HAVUZ CEPHE 3+1 DAİRE,155,3+1,595.000,Beylikdüzü,Kavaklı
366,HANEV YAPI'DAN ESENYURT KÖŞE BAŞI BAHÇELİ BAHÇE KATI DAİRE,110,2+1,529.500,,
367,PRE-LAUNCH PRICE ADVANTAGE for LIMITED TIME // 3min to MARİNA!,134,2+1,3.600.000,Beylikdüzü,Kavaklı
368,BEYLİKDÜZÜ KAVAKLI MERKEZDE SİTE İÇERİSİ GENİŞ 3+1 SATILIK DAİRE,165,3+1,2.050.000,Beylikdüzü,Kavaklı
369,LEMA İNŞAAT'TAN TUZLA POSTANE MAHALLESİNDE SATILIK 3+1 DAİRE,108,3+1,2.550.000,Tuzla,Postane
370,Etiler'in En Güzel Lokasyonunda Yeşilliklere Nazır Daire,130,3+1,6.750.000,Beşiktaş,Etiler
371,WEN CADDEDEN ERENKÖY ÖZENÇ SOKAKTA 320 M2 MİMARİ DEKORLU 6+1,320,6+1,11.750.000,Kadıköy,Erenköy
372,YAKUPLUDA 3+1 ARA KAT 165M² KULLANIM ALANINA SAHİP SATILIK DAİRE,165,3+1,1.550.000,Beylikdüzü,Yakuplu
373,"PORTO VADİ'DE FIRSAT 2,5+1 SATILIK DAİRE",145,2+1,5.950.000,Kağıthane,Hamidiye
374,BEYLİKDÜZÜNDE 2+1 AKILLI DAİRE,136,2+1,3.808.000,Beylikdüzü,Yakuplu
375,PROJEOFİSİNDEN ATAŞEHİR AĞAOĞLU ANDROMEDA RESİDENCE OKAZYON,94,2+1,3.697.500,Ataşehir,Barbaros
376,REMAX LÜKS KONUT UZMANI OYA DOĞAN'DAN ARDENIA PARK BAHÇE DUBLEX,220,4+1,12.000.000,,
377,BEYLİKDÜZÜ ALBAYRAKTAN ÖZEL MİMARİ TASARIMLI LÜX 3+1 DAİRE,155,3+1,1.500.000,Beylikdüzü,Yakuplu
378,"ÇEKMEKÖY-MERKEZ MH-ULTRA LUX-SATILIK 2+1 DAİRE 0,99 İMKANI",90,2+1,1.550.000,,
379,GÖKÇE'den LEB-İ DERYA KAPANMAZ DENİZ ve ADALAR MANZARALI SIFIR,165,3+1,10.450.000,Kadıköy,Bostancı
380,ALKAYA'DAN SUADİYE SAHİLDE 3+1 SATILIK DAİRE,145,3+1,11.950.000,Kadıköy,Suadiye
381,BEYLİKDÜZÜ ALBAYRAKTAN ŞIK MİMARİ TASARIMLI GENİŞ 3+1 DAİRELER!,140,3+1,1.474.000,Beylikdüzü,Yakuplu
382,LUXURIOUS FLAT WITH SEPARATE GARDEN IN KAVAKLI BEYLIKDUZU 2+1,115,2+1,1.500.000,Beylikdüzü,Kavaklı
383,KAÇMAZ_KÜÇÜKYALI SAHİL VİLLALAR BÖLGESİNDE SATILIK DUBLEKS DAİRE,265,5+2,5.850.000,Maltepe,İdealtepe
384,FİYATLAR YÜKSELMEDEN BU FIRSAT KAÇMAZ,95,2+1,713.500,,
385,"CADDEDİVAN ACIBADEM METROYA YAKIN 2+1 AKILLI EV, KOMBİ K.OTOPARK",82,2+1,3.050.000,Kadıköy,Acıbadem
386,BAHÇEŞEHİR DE SATILIK UCUZA 2+1 DAİRE,119,2+1,2.844.000,,
387,KARTAL YAKACIKTA SIFIR TERASLI DUBLEX DAİRE,200,4+2,2.400.000,Kartal,Yakacık
388,ESENYURT E5 DE SATILIK 1+1 DAİRE,65,1+1,1.040.000,,
389,BEYLİKDÜZÜ ATLASMARİN'DEN PRESTİJLİ KONUMDA MARİNAYA YAKIN 3+1,140,3+1,2.050.000,Beylikdüzü,Kavaklı
390,KİRAZLI KORU EVLERİ C BLOK 7.KAT 2+1 KAPALI MUTFAK BOŞ DAİRE,115,2+1,3.000.000,Bağcılar,Güneşli
391,BEYLİKDÜZÜ SAFA GYO MARİNAYA 2 DK KACMAZ LÜX DUBLEKS FIRSATI,220,3+2,2.099.000,Beylikdüzü,Yakuplu
392,Kadıköy Feneryolu Mah. Satılık 4+1 Ultra Lüks Dubleks Daire,240,4+1,10.500.000,Kadıköy,Feneryolu
393,BEYLİKDÜZÜ PİRAMİT GYO'DAN DENİZ MANZARALI FERAH 3+1 FIRSATI!,155,3+1,1.679.000,Beylikdüzü,Gürpınar
394,CONCEPT'TEN İDEALTEPE KORU DA MİNİBÜSE YAKIN İSKANLI LÜKS 2+1,85,2+1,1.825.000,Maltepe,İdealtepe
395,BEYLİKDÜZÜ ATLASMARİN'DEN CUMHURİYET MH. LÜKS REZİDANS'TA 2+1,120,2+1,1.348.000,Beylikdüzü,Kavaklı
396,BLUE CORNER'DAN DİVAN PASTANESİNE YÜRÜME MESAFESİNDE 3+1 128M2,150,3+1,7.950.000,Kadıköy,Erenköy
397,SATILIK 2+1 KOMBİLİ BODRUM KAT,70,2+1,350.000,Bahçelievler,Şirinevler
398,BEYLİKDÜZÜ SAFA GYO MARİNAYA 2 DK KACMAZ LUX ARA KAT FIRSATI,110,2+1,1.289.000,Beylikdüzü,Yakuplu
399,Rumeli Hisarı Boğaziçi Üni Yakın Konut-Ofise Uygun Satılık Daire,220,5+1,9.800.000,Sarıyer,Rumelihisarı
400,BAHÇEŞEHİR ATMACA ''BOŞ'' D5B BLOK 2+1 DEPOLU SATILIK DAİRE,108,2+1,3.650.000,Başakşehir,Bahçeşehir
401,4E GAYRİMENKUL--TEK YETKİLİ--EKŞİNAR KONAKLARI PEYZAJ ARAKAT 3-1,200,3+1,12.700.000,Bakırköy,Florya
402,TEK DAİRE ÜZERİ BU FİYATA 1 YAŞINDA DAİRE YOK ACİL SATILIK,115,2+1,964.999,,
403,BAŞARI'DAN ÇİFTEHAVUZLAR SAHİLDE 140 M2 3 YILLIK BALKONLU,140,3+1,7.450.000,Kadıköy,Caddebostan
404,AKÇADAĞ GAYRIMENKUL'DEN 2+2 YÜKSEK KREDİLİ,140,2+1,2.250.000,Tuzla,Merkez
405,"BEYLİKDÜZÜ ELİF! İSTER YATIRIM,İSTER OTURUM AMAÇLI 2+1 SATILIK",95,2+1,599.000,Beylikdüzü,Kavaklı
406,HEDEF'TEN ...AVRUPA KONUTLARI TEM 2'DE SATILIK 150 M'2 3+1,150,3+1,6.800.000,Gaziosmanpaşa,Fevziçakmak
407,AĞAOĞLU MY HOME 3+1 128m2 SATILIK GÜNCEL DAİRE vadi 1453 nurol,128,3+1,5.650.000,Sarıyer,Merkez
408,VADİSTANBUL TERAS EVLER SATILIK 2+1 BAHÇE KATI DAİRE FIRSATI !,148,2+1,9.600.000,Sarıyer,Merkez
409,SKYLAND SATILIK 1+0 BOŞ DAİRE 30.KAT GÜNCEL,60,Stüdyo,(1+0),Sarıyer,Merkez
410,BEYAZNOKTADAN İSKANLI ASANSÖRLÜ FERAH İÇİ ÖZEL YAPILI LÜX 2+1 DA,110,2+1,1.680.000,,
411,PORTRE SAHİL PROJESİNDE SATILIK DENİZ MANZARALI 2+1 LÜKS DAİRE,96,2+1,2.250.000,Pendik,Çarşı
412,BEYLİKDÜZÜ AREN'DE SİTE'DE E-5 YAKIN ULTRA LUX SATILIK 3+1 DAİRE,165,3+1,1.200.000,Beylikdüzü,Kavaklı
413,AVANGART İSTANBUL SATILIK 1+1 BAHÇE KATI FIRSAT DAİRE,80,1+1,3.800.000,Sarıyer,Merkez
414,SAHİBİNDEN 7.000TL KİRACILI Almina Tower 2+1 Balkonlu Daire,117,2+1,2.050.000,,
415,Koç taşın arkasında koruluk'a sıfır,170,3+1,2.645.000,Beylikdüzü,Kavaklı
416,Siteler Bölgesinde Geniş Kullanımlı Şık Tasarımlı Fırsat 3+1,155,3+1,1.599.000,Beylikdüzü,Gürpınar
417,NİDAPARK KÜÇÜKYALI 2.650.000 TL PEŞİN DENİZ MANZARALI 2+1,128,2+1,4.190.000,Maltepe,İdealtepe
418,BEYLİKDÜZÜ AREN'DEN ARACI KOMİSYON YOK !!155m2 3+1 DAİRE,165,3+1,463.000,Beylikdüzü,Kavaklı
419,SAHİBİNDEN SATILIK 2+1 SIFIR HİÇ OTURULMAMIŞ LÜX DAİRE,110,2+1,950.000,,
420,ARAS GAYRİMENKULDEN 0.99 VE 0.89 KREDİ İMKANI İLE 2+1 DAİRE,90,2+1,1.299.000,Tuzla,Aydınlı
421,ARAS GAYRİMENKULDEN 0.99 VE 0.89 KREDİ İMKANI İLE SATILIK 3+1,110,3+1,1.280.000,Tuzla,Aydınlı
422,FIRSAT! SIFIR FULL EŞYALI 50m2 ÖZEL BAHÇELİ-TERASLI 2+1 DUBLEX,90,2+1,1.425.000,Kartal,Topselvi
423,Maçka Caddesinde Mükemmel Konumlu Doğa Manzaralı Daire,280,3.5+1,18.000.000,Şişli,Harbiye
424,Beykentte Site içi Dekorasyonlu Yeni Dairemiz Satışta MENKULHANE,115,2+1,1.690.000,Beylikdüzü,Gürpınar
425,BAŞAKŞEHİR ALTİNSEHİR'DE ŞOK FİYATA 2+1 ARAKATI (GÜLER YAPI),100,2+1,1.250.000,Başakşehir,İkitelli
426,BAHÇEŞEHİR SPRADON VADİ YENİ KAPALI MUTFAK 2+1 SATILIK DAIRE,127,2+1,2.500.000,Başakşehir,Bahçeşehir
427,FIRSAT!YENİKÖY KONAKLARINDA PEYZAJ 50 M2TERASLI 5+1DAİRE,250,5+1,11.000.000,Eyüpsultan,Alibeyköy
428,FLORYA ALAÇATI EVLERİNDE 360m2 ULTRA LÜKS DUBLEKS DAİRE,360,4+2,16.250.000,Bakırköy,Florya
429,WEN CADDEDEN CADDEBOSTAN SAHİL DENİZ MANZARALI SIFIR DUBLEKS 5+2,390,5+2,19.750.000,Kadıköy,Caddebostan
430,ŞİŞLİ HALİL RIFAT PAŞA DA VATANDAŞ LIK İÇİN UYGUN 2+1,110,2+1,4.000.000,Şişli,Okmeydanı
431,YUVAM GAYRİMENKUL'DEN GENÇOSMAN MAH 2+1 120M2 İKİNCİ KAT DAİRE,120,2+1,975.000,Güngören,Sanayi
432,Kıraç Necip Fazıl Kısakürek Mahallesinde Satılık Yüksek Giriş,100,2+1,589.000,,
433,SUADİYE CADDEYE ZARA YA YAKIN 3+1 165 m2 TAMAMI LÜKS YAPILI,165,3+1,5.450.000,Kadıköy,Suadiye
434,"ZÜMRÜTEVLER'DE EMEK CADDESİ ÜZERİ 2+1,TERASLI,DUBLEX DAİRE",85,2+1,1.375.000,Maltepe,Zümrütevler
435,ROYAL'DEN MAİ RESİDENCE DENİZ MANZARALI-KLİMALI GENİŞ 11.KAT 1+1,75,1+1,1.600.000,Kartal,Topselvi
436,BEYAZNOKTADAN ARA KAT NİTELİĞİNDE İSKANLI METRO CAD YAKIN 2+1,90,2+1,1.265.000,Eyüpsultan,Çırçır
437,BEYLİKDÜZÜNDE HAVUZLU SİTEDE SATILIK 3+1 DAİRE EBEVEYN BANYOLU,175,3+1,2.690.000,Beylikdüzü,Kavaklı
438,SUADİYE'DE SUADEN RESİDANCE 'DA SATILIK DAİRE 3+1,135,3+1,6.695.000,Kadıköy,Suadiye
439,BEYLİKDÜZÜ ZİRVE İNŞAAT'TAN HAYALLERİNİZİ SÜSLEYEN SİTE İÇİ 2+1,125,2+1,1.899.000,Beylikdüzü,Kavaklı
440,ASIA EMLAKTAN ACIBADEM ÜNV.KOMŞU SİTE İÇERİSİNDE BALKONLU 3+1,125,3+1,2.970.000,Ataşehir,Küçükbakkalköy
441,MESA ORMAN 228m2 BAHÇE DUBLEX BOŞ TESLİM ÖZEL DEKORE GÜNCEL,228,4+1,18.500.000,Beykoz,Paşabahçe
442,▃SESS▃ İdealtepe'de Minibüse Yakın Yeni Bina'da Ara Kat 2+1 95m²,95,2+1,2.625.000,Maltepe,İdealtepe
443,EMAY'DAN GÖZTEPE'DE MİN. CADDESİ ÜSTÜ İÇİ YAPILI 2 BALKONLU 3+1,135,3+1,3.350.000,Kadıköy,Göztepe
444,BEYLİKDÜZÜ KAVAKLI MERKEZDE FULL KONSEPT SİTEDE 3+1 FIRSATI,145,3+1,1.999.000,Beylikdüzü,Kavaklı
445,BEKLERİM DİYENE 875 BİN TL TAŞDELENDE 3+1,150,3+1,1.150.000,Çekmeköy,Taşdelen
446,TUANA PRESTİJ ÇENGELKÖYDE 5.KAT TESLİM 92M2 2+1 HEMEN TAPU,92,2+1,2.520.000,Üsküdar,Çengelköy
447,ÇENGELKÖY TUANA PRESTİJDE 133M2 3+1 HEMEN TAPULU HAVUZLU K.OTO,133,3+1,3.450.000,Üsküdar,Çengelköy
448,ÇENGELKÖY TUANA PRESTİJDE 233M2 4+1 ÇATI DUB. HEMEN TAPU HAVUZLU,233,4+1,6.050.000,Üsküdar,Çengelköy
449,Şişli Esentepe 3+1 110m2 Bakımlı Satılık Daire'AKDERE EMLAK,120,3+1,2.550.000,Şişli,Esentepe
450,Bahçelievler Kocasinan Merkez Mahallesi Satılık 1+1 Daire,68,1+1,640.000,Bahçelievler,Kocasinan
451,ASOS'TAN TEK YETKİLİ MİNİBÜS YOLUNA 4.BİNA 5+2 KELEPİR DUBLEX,220,5+2,3.600.000,Maltepe,Yalı
452,SEMBOL GAYRİMENKUL'den NLOGO 2+1 125m2 KAT VE CEPHE SEÇENEKLERİ,125,2+1,1.250.000,,
453,BAŞARI'DAN LEBİDERYA KAPANMAZ KESİNTİSİZ DENİZ MANZARALI (SIFIR),260,4+1,19.500.000,Kadıköy,Fenerbahçe
454,ARMADA'DAN BAĞDAT'A YAKIN GENÇ BİNADA 2+1 KOMBİLİ ULTRA LÜKS !!,100,2+1,4.395.000,Kadıköy,Erenköy
455,White Side satılık 2+1 136m2 balkonlu en üst kat,136,2+1,3.250.000,Ümraniye,Esenşehir
456,Darüşşafaka da Şehir Manzaralı Teraslı Satılık Çatı Dubleksi,275,4+1,9.675.000,Sarıyer,Tarabya
457,NOKTA EMLAK'TAN KİLYOS'TA NEZİH SİTEDE BAHÇE DUBLEKS 4+1+KIŞ BAH,220,4+1,8.750.000,Sarıyer,Köyler
458,ÇEKMEKÖY MEŞE COUNTRY DE Tolga Yaman DAN SATILIK 3+1 DAİRE,129,3+1,2.180.000,ÇekmeköyAlemdağ(Alemdar,)
459,BEYLİKDÜZÜ SAFA GYO MARİNAYA YÜRÜME MESAFE DENİZ MANZARALI 3+1,180,3+1,1.689.999,Beylikdüzü,Yakuplu
460,Kadıköy Göztepe'de Çok Merkezi Konumda 3+1 Lüks Daire,120,3+1,5.500.000,Kadıköy,Merdivenköy
461,Kadıköy Göztepe'de Çok Merkezi Konumda 3+1 Lüks Daire,120,3+1,5.500.000,Kadıköy,Merdivenköy
462,WEN CADDEDEN SUADİYEDE 24 SAAT GÜVENLİKLİ SİTEDE FIRSAT SATILIK,135,3+1,6.695.000,Kadıköy,Suadiye
463,ALKAYA'DAN ERENKÖY'DE BAĞDAT'A YAKIN SATILIK 2+1 DAİRE- FIRSAT,100,2+1,4.345.000,Kadıköy,Erenköy
464,SURYAPI EXEN RESİDENCE 1+1 73M2 YÜKSEK KİRA GETİRİSİ EŞYALI,73,1+1,2.750.000,Ümraniye,Atatürk
465,"KENTPLUS KADIKÖY,DENİZ MANZARALI,METR­OBÜS-MARMARAY YANINDA 1+1",72,1+1,2.350.000,Kadıköy,Eğitim
466,Avcılar Merkezde Acil 170 Metre Kare Masrafsız Satılik Daire,180,3+1,1.250.000,,
467,BAŞARI'DAN BOSTANCI'DA DENİZ MANZARALI FIRSAT DAİRE YENİ BİNA,140,3+1,3.825.000,Kadıköy,Bostancı
468,HAVUZLU LÜKS SİTEDE SATILIK 2+1 ARAKAT BALKONLU DAİRE,90,2+1,1.375.000,Pendik,Dolayoba
469,SAADETDERE MAHALLESİ TORİUM AVM YANI 2+1 SATILIK ARA KAT DAİRE,90,2+1,1.700.000,,
470,ÇİFTEHAVUZLAR BAĞDAT CAD.4.BİNA KATTA TEK 123 M2 NET 3+1,150,3+1,8.850.000,Kadıköy,Göztepe
471,Cevizli de Saraylar Caddesine 2. Binada Satılık arakat 2+1,85,2+1,1.925.000,Kartal,Dragos
472,5 LEVENT TORUNLAR 1+1 ORMAN MANZARALI SATILIK DAİRE BOŞ,73,1+1,3.400.000,Eyüpsultan,Alibeyköy
473,REYHAN KONAKLARIN DA SATILIK SON 10 DAİRE 2+1-3+1 VE DUBLEKSLER,135,2+1,1.299.000,Büyükçekmece,Tepecik
474,ARTI'dan Altıntepe'de Keyifli Bahçe Kullanımlı 2+1 Satılık Daire,90,2+1,2.100.000,Maltepe,Küçükyalı
475,REYHAN KONAKLARIN DA GÖL MANZARALI 3+2 DUBLEX DAİRE,210,3+2,2.099.000,Büyükçekmece,Tepecik
476,KIZILDAĞ YATIRIM FARKIYLA AVRUPA KONUTLARI YAMANEVLER'DE FIRSAT,167,3+1,6.500.000,Ümraniye,Merkez
477,CADDE EMLAK'TAN ERENKÖY MERKEZİNDE 3 YILLIK BİNA BOŞ DAİRE,125,3+1,5.500.000,Kadıköy,Erenköy
478,İKİZLER EMLAK'TAN 3+1 110 M2DUBLEX HARİKA KONUM SÜPER FIRSAT,110,3+1,1.800.000,Ümraniye,Yukarıdudullu
479,ALFA'DAN SIFIR YAPIDA KELEPİR LÜX DUBLEX 1.650.000TLالطابو مباشر,150,3+1,1.650.000,Beylikdüzü,Gürpınar
480,Suadiye'de mimari dekorlu lüks daire,145,3+1,4.450.000,Kadıköy,Suadiye
481,BEYLİKDÜZÜ ZİRVE İNŞAAT'TAN ULTRA LÜX EMSALSİZ 3+1 DAİRE,155,3+1,2.050.000,Beylikdüzü,Kavaklı
482,RAVEL YAPI'DAN FARKLI SEÇENEKLERİ İLE KAÇIRILMAYACAK FIRSAT..,115,2+1,1.250.000,Beylikdüzü,Yakuplu
483,VADİSTANBUL TERAS EVLERİ NDE 1+1 SATILIK VATANDAŞLIĞA UYGUN,83,1+1,5.400.000,Sarıyer,Merkez
484,FIRSAT.TEK YETKİLİ SUADİYE'DE DENİZ MANZARALI-TERASLI 4+2 235M2,235,4+2,6.950.000,Kadıköy,Suadiye
485,FENERBAHÇE DALYAN'DA 50M2 BAHÇE KULLANIMLI 230 M2 ULTRA LÜX 4+2,230,4+2,9.600.000,Kadıköy,Fenerbahçe
486,METROBÜSE 5DK 135M2 2+1 ÇİFT BALKONLU SATILIK KELEPİR DAİRE,135,2+1,1.069.999,,
487,AVRUPA KONUTLARI TEM'DE HEMEN TESLİM 145M2,145,3+1,6.500.000,Gaziosmanpaşa,Fevziçakmak
488,LOCA MAHAL VELİEFENDİ 2+1 LARGE TYPE FLAT FOR SALE citizenship,119,2+1,4.250.000,Zeytinburnu,Çırpıcı
489,HOMELİNE'DEN ORTAKÖY DEREBOYU CAD. ÜZERİNDE SATILIK DAİRE,100,3+1,4.250.000,Beşiktaş,Ortaköy
490,DERİN YAPI'DAN SİTE İÇİ FULL KONSEPT 6+1 DUBLEKS DAİRE,369,6+1,3.800.000,Beylikdüzü,Yakuplu
491,Sahibinden Lüx Emlak Ofisinden 1+1 Merkezi (Pay Ölçer) Konut Merkeze 5 dk Uzaklıkta,83,1+1,985.000,Beykoz,Paşabahçe
492,BORÇ ALIN!KREDİ ALIN!!BU DAİREYİ KAÇIRMAYIN!!,150,3+1,6.549.000,Beşiktaş,Etiler
493,FİNANS MERKEZİNE KOMŞU 2+1 YATIRIMLIK FIRSAT DAİRE,100,2+1,2.150.000,Ümraniye,Çakmak
494,EVBUL'MAK ARTIK KOLAY-METROBÜSE 7 DK MASRAFSIZ İSKANLI ARAKAT !!,90,2+1,985.000,,
495,ACARKENT'TE TEK YETKİLİ HOMELİNE'DEN BOĞAZ MANZARALI DAİRE,272,3+1,17.500.000,Beykoz,Paşabahçe
496,▃SESS▃ Küçükyalı Çamlıkta Marmaray ve İDO'ya Yürüme 2+1 90m²,90,2+1,2.500.000,Maltepe,Küçükyalı
497,EXTRA'DAN BAĞDAT CADDESİ FENERYOLUNDA SATILIK 3+1 DAİRE,155,3+1,6.950.000,Kadıköy,Feneryolu
498,SUADİYE'DE BAĞDAT CADDESİNE YAKIN YENİ BİNADA GÜVENLİKLİ LÜX 3+1,140,3+1,6.695.000,Kadıköy,Suadiye
499,BAŞARI'DAN SAHİL'DE LEBİDERYA KAPANMAZ DENİZ VE ADALAR MANZARALI,250,4+2,22.500.000,Kadıköy,Suadiye
500,SUADİYE AKTÜEL BAĞDAT'A YAKIN DENİZ MANZARALI 165M2 GÜVENLİKLİ,165,3+1,7.400.000,Kadıköy,Suadiye
501,BEYLİKDÜZÜ ADAKENT MAHALLESİNDE SATILIK 4+2 DUBLEKS DAİRE,200,4+2,4.450.000,Beylikdüzü,Kavaklı
502,SUADİYE BAĞDATA YAKIN AKTÜEL'DEN 165 M2 DENİZ MANZARALI BALKONLU,165,3+1,7.400.000,Kadıköy,Suadiye
503,"HEDEFLİ'DEN TEK YETKİLİ AYRI MUTFAK,ÖN CEPHE, MİNİBÜSE YAKIN 2+1",80,2+1,2.550.000,Maltepe,Küçükyalı
504,BAŞARI'DAN TEK YETKİLİ LEBİDERYA KAPANMAZ DENİZ MANZARALI 165M2,165,3+1,10.450.000,Kadıköy,Bostancı
505,NEVİN AKGÜN 'DEN FLY İNN DE LÜX ARA KAT..,250,4+1,11.500.000,Bakırköy,Florya
506,DİSENA YENİTEPE KADIKÖY 'DE BALKONLU YÜKSEK KAT 3+1 BOŞ DAİRE,200,3+1,5.850.000,Kadıköy,Fikirtepe
507,Sarıgazi Merkezde 85m2 Satlık İskanlı Daire(ACIKLAMAYI OKUYUNUZ),100,2+1,980.000,Sancaktepe,Sarıgazi
508,DİSENA ŞAŞKINBAKKAL SAHİLDE DENİZ MANZARALI KATTA TEK 260 M2 4+1,260,4+1,14.650.000,Kadıköy,Suadiye
509,#BEYLİKDÜZÜ­#ESENYURT# SATILIK ULTRA LÜKS DAİRELER,100,2+1,420.000,Beylikdüzü,Kavaklı
510,Fenerbahçe Sahilde Orduevi Deniz Balkon Satılık Sıfır 3+1 Daire,130,3+1,9.300.000,Kadıköy,Fenerbahçe
511,SAHİBİNDEN DEMİR LA VİDA'DA SATILIK 1+1 GÖL MANZARALI DAİRE,80,1+1,3.500.000,,
512,DİSENA FENERBAHÇE BÖLGESİ'NİN EMSALSİZ SECKİN SİTESİ LEBİ DERYA,410,5+1,50.000.000,Kadıköy,Fenerbahçe
513,MALTEPE BAĞLARBAŞINDA 3+1 120m2 MERKEZİ KONUMDA YATIRIMLIK DAİRE,120,3+1,1.600.000,Maltepe,Yalı
514,Mevlana cami karşısıda 2/1 sıfır iskanlı bahçe kat daire,85,2+1,800.000,Bahçelievler,Zafer
515,dereağzı mah site içinde satılık 2+1havuzlu giriş kat daire,115,2+1,1.650.000,Beylikdüzü,Gürpınar
516,ATALAR MARMARAYA YÜRÜME MESAFESİNDE 2+1 BALKONLU DAİRE,108,2+1,4.900.000,KartalRahmanlar (Atalar,)
517,ALFA'DAN DENİZ MANZARALI SIFIR LÜX 3+1 1.625.000TL الطابو مباشر,145,3+1,1.625.000,Beylikdüzü,Kavaklı
518,"Bağlarçeşme Mahallesinde Satılık Yeni Binada Arakat,Videosu Ekli",110,2+1,770.000,,
519,Kapanmaz Vadi Ve Deniz Manzaralı Dublex Daire,130,3+1,1.649.000,Beylikdüzü,Kavaklı
520,SETYAP TAN CEBECİ MAH YENİ SIFIR BAHÇE KAT DAİRE 2+1 90 M2,90,2+1,649.000,Sultangazi,Cebeci
521,KONAKLAR MAH OYAK SİTESİ DOĞA İLE İÇİÇE 3+1 SATILIK DAİRE,135,3+1,6.000.000,Beşiktaş,Levent
522,SETYAP TAN CEBECİ MAH YENİ SIFIR BAHÇE KAT DAİRE 2+1 90 M2,90,2+1,649.000,Sultangazi,Cebeci
523,KONAKLAR MAH OYAK SİTESİ DOĞA İLE İÇİÇE 3+1 SATILIK DAİRE,135,3+1,6.000.000,Beşiktaş,Levent
524,YENİ BİNADA SATILIK ŞIK TASARIMLI METROBÜSE YAKIN 2+1 LÜKS DAİRE,110,2+1,1.450.000,Beylikdüzü,Yakuplu
525,TEK YETKİLİ BAGDATTAN KÜÇÜKYALIDA MİNİBÜSE 2. PARALEL 3+1!!!!!!!,120,3+1,1.845.000,Maltepe,Küçükyalı
526,LF İMAJ FENERBAHÇE WYNDHAM OTEL YAKIN GENÇ BİNADA DEKORLU 3+1LÜX,125,3+1,6.950.000,Kadıköy,Fenerbahçe
527,CEVAHİR AVM'NİN YANINDA CADDE ÜZERİ LÜKS SATILIK DAİRE.,90,2+1,2.750.000,Şişli,Fulya
528,AKÇADAĞ GAYRİMENKUL ENES ÖZDEMİR 'DEN %80 KREDİ KULLANIMLI DAİRE,125,3+1,1.900.000,Tuzla,Tersaneler
529,AVANGART İSTANBUL KREDİYE UYGUN BOŞ BÜYÜK TİP 2 + 1 DAİRE,119,2+1,6.500.000,Sarıyer,Merkez
530,Bahçeşehir Yüksek Kat Şehir Manzaralı 1+1 Sıfır Oturuma Hazır,65,1+1,2.100.000,Başakşehir,Bahçeşehir
531,SERDAR GÜROL'DAN KADİKÖY YOĞURTÇU PARKINDA 165m2 4+1 ULTRA LÜKS,165,4+1,4.400.000,Kadıköy,Osmanağa
532,Konut Acil! Doğalgaz (Kombi) 3+1 Kaçırılmayacak Fırsat! Son 3 gün! Emlak Ofisinden,120,3+1,4.000.000,,
533,ESENYURT PINAR MAHALLESİNDE 2+1 KELEPİR YÜKSEK GİRİŞ DAİRE,85,2+1,595.000,,
534,AKKOZA KORU BLOKLARINDA 1+1 SATILIK DAİRE,88,1+1,1.224.000,,
535,ŞİŞLİ KULELİ EVLERİ 2+1 SATILIK İLK OTURAN SİZ OLUN ''0'',110,2+1,4.000.000,Şişli,Duatepe
536,Referans Bahçeşehir Projesinde Teslimler Başladı !!,165,3+1,5.000.000,Başakşehir,Bahçeşehir
537,TEPE'DEN ALTAYÇEŞME'DE -TEK YETKİLİ-MİNİBÜS YOLUNA 1 DK 3+1,130,3+1,3.250.000,Maltepe,İdealtepe
538,KONAK YAPI GAYRİMENKUL'DAN 150 M2 GENİŞ 3+1.,160,3+1,2.100.000,Beylikdüzü,Gürpınar
539,ISPARTAKULE BANU EVLERİNDE HAZIR 2+1 ÖZEL BAHÇE KULLANIMLI DAİRE,135,2+1,5.200.000,Avcılar,Firuzköy
540,ALFA'DAN SİTEDE ARA KAT FİYATINA TERASLI 4+2 DUBLEX الطابو مباشر,200,4+2,2.199.000,Beylikdüzü,Kavaklı
541,"ERENKÖY İSTASYONA 150 MT MERKEZDE,2+1",100,2+1,1.900.000,Kadıköy,Erenköy
542,BEYLİKDÜZÜ RAVEL'DEN DEPREM YÖNETMELİĞİNE UYGUN ŞIK TASARIM 3+1,140,3+1,1.455.000,Beylikdüzü,Yakuplu
543,BEYLİKDÜZÜ'NÜN YENİ YAŞAM BÖLGESİ YAKUPLU'DA MUHTEŞEM DUBLEKS...,185,2+2,1.849.000,Beylikdüzü,Yakuplu
544,KONAK YAPI GAYRİMENKUL'DAN BUTİK SİTE İÇİ 2+1 DAİRE,120,2+1,1.630.000,Beylikdüzü,Gürpınar
545,GÜZEL İNSAAT GYO'DAN METROBÜSE YÜRÜME MESAFESİNDE 2+1 DAİRE,95,2+1,889.500,Beylikdüzü,Yakuplu
546,BEYLİKDÜZÜ GÜRPINAR CUMA PAZARINDA SİTE İÇİ ARAKAT 3+1 DAİRE,145,3+1,1.800.000,Beylikdüzü,Gürpınar
547,BEYLİKDÜZÜ'NDE VİLLA TADINDA 150M² BAHÇE KULLANIMLI 2+1 DAİRE,130,2+1,1.629.000,Beylikdüzü,Kavaklı
548,İSTANBUL'DA LÜKS YAŞAMIN ANAHTARI; HAYAT PARK 4 ELİTE HOUSE,65,1+1,865.000,Beylikdüzü,Yakuplu
549,ATAKENT LOUNGE 2 120M2 MUHTEŞEM HAVUZ PEYZAJ MANZARA 2+1 SATILIK,120,2+1,3.850.000,Küçükçekmece,Halkalı
550,شقة سوبر لوكس للبيع ضمن مجمع كامل الخدمات بسعر جد مناسب,100,2+1,890.000,Beylikdüzü,Kavaklı
551,REOFFICE DEN EVORA E PARSEL HARİKULADE FIRSAT BALKONLU 54 m2 NET,72,1+1,1.399.999,Tuzla,İçmeler
552,BEYLİKDÜZÜ KALEKENT FULL PEYJAZ CEPHELİ BOŞ SATILIK 141m2 2+1,141,2+1,3.450.000,Beylikdüzü,Gürpınar
553,TEK YETKİLİ BAĞDATTAN ÇAMLIK SAHİLDE SINIRSIZ KREDİ İMKANI,130,3+1,3.000.000,Maltepe,Küçükyalı
554,SAHİBİNDEN TARABYA SEBA HAYDARBEY KONAKLARINDA BAHÇE DUBLEKSİ,337,4+1,21.000.000,Sarıyer,Tarabya
555,ÖZ'DEN SIFIR YALI'DA ÇİFT BALKON EBEVEYNLİ 3 KATLI OTOPARKLI 3+1,145,3+1,3.300.000,Maltepe,Yalı
556,BAĞDAT CAD. ÜZERİ LÜKS DUBLEKS ۴ خوابه لوکس بغداد جاده سی,240,4+2,4.600.000,Maltepe,İdealtepe
557,ÖZ'DEN FIRSAT DAİRESİ DENİZ MANZARALI ARA KAT ULTRA LÜX 2+1,85,2+1,2.650.000,Maltepe,Küçükyalı
558,Sinpaş Aqua City 2. Etap satılık meridyen bahçe dubleksi,220,4+1,8.150.000,Ümraniye,Aşağıdudullu
559,ACİL Citizenship by Investment BAĞDAT CAD.NE 10. BİNA 3+1 DAİRE,120,3+1,4.700.000,Kadıköy,Göztepe
560,ÖZ'DEN BOSTANCI METRO YAKIN KISMİ DENİZ MANZ BALKONLU 150M2 3+1,150,3+1,3.100.000,Ataşehir,İçerenköy
561,Sahibinden Suadiye'de 150m2 Dublex,150,3+1,7.750.000,Kadıköy,Suadiye
562,BİRİKİM'den Adatepe Demirli Turkuaz Sitesi'nde 7.Kat Ferah 3+1,144,3+1,4.650.000,Maltepe,İdealtepe
563,YATIRIM'dan idealtepe sahilde ara katta Ultra Lüks 2+1,95,2+1,2.900.000,Maltepe,İdealtepe
564,PRIVATE GAYRİMENKUL DEN BİS İSTANBUL DA 310m2 BAHÇE TRİPLEXİ,310,6+1,10.250.000,Eyüpsultan,Göktürk
565,ERENKÖY ÖMERPAŞADA 3+1 BALKONLU E.BANYOLU İSKANLI SATILIK LÜKS !,140,3+1,6.650.000,Kadıköy,Erenköy
566,FIRSAT ! YENİ BİNA EBEVEYNLİ 110 m2 2+1 FERAH GENİŞ DAİRE,110,2+1,3.500.000,Kadıköy,Erenköy
567,GÖZTEPE MİNİBÜS CD.ÜZERİNDE İÇİ KOMPLE SIFIRLANMIŞ GENİŞ 3+1,135,3+1,3.350.000,Kadıköy,Eğitim
568,Dragos sahilde ERGUVAN SİTESİ satılık 4+2 ters dubleks,225,4+2,4.100.000,Kartal,Dragos
569,BAHÇEŞEHİR ISPARTAKULE BİRİSTANBUL SİTESİ 1+1 KAPALI MUTFAK SATI,80,1+1,1.500.000,Avcılar,Firuzköy
570,TEK YETKİLİ PRESTİJLİ BİNADA GENİŞ ARSA İÇİNDE 3+1 135 M2 NET...,155,3+1,3.125.000,Kadıköy,Kozyatağı
571,FIRSAT DAİRE KENTSELDE DUBLEKS HAKKI OLAN 3+1 2500000 KREDİLİ,110,3+1,2.500.000,Bahçelievler,Merkez
572,PERADAN İSTİKLAL MAH. SİTE ÖZELLİKLİ OTOPARKLI-İSKÂNLI 2+1 DAİRE,90,2+1,1.900.000,Ümraniye,Atakent
573,PRİM GARANTİLİ YÜKSEK KİRAGETİRİSİ OLAN 1+1 75M2 BAHCELİ B.K,86,1+1,305.000,,
574,GAYRETTEPE HAYRİYE BLOKLARINDA ÇİFT BALKONLU MANZARALI 3+1,140,3+1,3.750.000,Beşiktaş,Gayrettepe
575,MASLAK AVANGART İSTANBUL SATILIK 1+1 BOŞ OTURUMA HAZIR,70,1+1,4.300.000,Sarıyer,Merkez
576,GÜZEL İNŞAAT DAN METROBÜSE YÜRÜME MESAFESİNDE 2+1 باهچه کات,90,2+1,849.000,Beylikdüzü,Yakuplu
577,BEYLİKDÜZÜNDE SATILIK DAIRE FİYATLARIMIZ İÇİNİZİ ISITACAK,120,2+1,580.000,Beylikdüzü,Kavaklı
578,WEN CADDEDEN KOZYATAĞI'NDA VATANDAŞLIĞA UYGUN 4+1 SATILIK,145,4+1,4.690.000,Kadıköy,Kozyatağı
579,ERENKÖY SAHİLDE 230 M2 SATILIK DENİZ MANZARALI KATTA TEK 4+1,230,4+1,14.650.000,Kadıköy,Caddebostan
580,ARTE EMLAK-TEK YETKİ |ORHANTEPEDE 165M² MİNİBÜSE YAKIN TEMİZ 3+1,165,3+1,885.000,Kartal,Dragos
581,RE/MAX GALA'DAN ATAŞEHİR'DE SİTE İÇİNDE METROPOL AWM YAKIN 3+1,145,3+1,2.765.000,,
582,BEYLİKDÜZÜ ELİF'TEN METROBÜSE YAKIN 2+1 BUTİK SİTE İÇİ SATILIK,110,2+1,1.250.000,Beylikdüzü,Kavaklı
583,ARTE EMLAK-TEK YETKİ |ORHANTEPEDE 165M² MİNİBÜSE YAKIN TEMİZ 3+1,165,3+1,885.000,Kartal,Dragos
584,RE/MAX GALA'DAN ATAŞEHİR'DE SİTE İÇİNDE METROPOL AWM YAKIN 3+1,145,3+1,2.765.000,,
585,BEYLİKDÜZÜ ELİF'TEN METROBÜSE YAKIN 2+1 BUTİK SİTE İÇİ SATILIK,110,2+1,1.250.000,Beylikdüzü,Kavaklı
586,SAKIZAĞACIN'DA BALKONLU 3+1 GENİŞ DAİRE,110,3+1,1.200.000,Bakırköy,Cevizlik
587,YILDIZ EMLAK AVCILAR MERKEZ SIFIR BİNADA 2+1 76M2 SATILIK DAİRE,76,2+1,1.250.000,,
588,ALFA'DAN KAÇIRILMICAK ULTRA LÜX 3+1 1.499.000TL الطابو مباشر,140,3+1,1.499.000,Beylikdüzü,Gürpınar
589,İDEAL'DEN KALAMIŞ WYNDHAM OTELE YAKIN LEBİDERYA SIFIR DUBLEX,300,4+2,23.500.000,Kadıköy,Fenerbahçe
590,KAÇMAZ_ALTINTEPEDE SATILIK ÖN CEPHE FERAH ÇİFT GİRİŞLİ DUBLEKS,160,3+2,2.750.000,Maltepe,Küçükyalı
591,_EMSALİ YOK_LEBİDERYA MANZARALI_K.OT­OPARKLI_ULTRA­LÜX_3+2_200M2_,200,3+2,3.700.000,Maltepe,Cevizli
592,PENDİK AYPORT 3+1 HAZIR KİRACILI ÜÇ CEPHELİ ÖNÜ AÇIK DAİRE,135,3+1,3.450.000,Pendik,Yenişehir
593,"KAVAKPINARDA 2 BLOKLU CADDE ÜZERİ 8.KAT 2+1, 90m",90,2+1,1.050.000,Pendik,Çamçeşme
594,BEYLİKDÜZÜ KAVAKLI DEMİR COUNTRY'DE TERASLI 3+1 SATILIK DAİRE,195,3+1,3.750.000,Beylikdüzü,Kavaklı
595,TAPU HARÇSIZ 100m2 Net Balkonlu İSKANLI 3+1 'BOŞ DAİRE',130,3+1,5.500.000,Kadıköy,Feneryolu
596,ONUR EMLAKTAN 4. LEVENT HUKUKÇULAR SİTESİNDE 4+1 GİRİŞ DUBLEKSİ,160,4+1,5.750.000,Beşiktaş,Levent
597,"VADİSTANBUL PARK ETABINDA SATILIK 3,5+1 185m2 GÜNCEL DAİRE",185,3.5+1,13.000.000,Sarıyer,Merkez
598,PN GAYRİMENKUL'den İdealtepe Sahil'de 4 Yıllık Bina'da Ön 3+1,135,3+1,3.850.000,Maltepe,İdealtepe
599,"ATATÜRK CADDESİ ÜSTÜ,METROYA YAKIN 2+1 ARSA TAPULU SATILIK DAİRE",85,2+1,1.300.000,Maltepe,Yalı
600,CONCEPT'TEN İDEALTEPE DE MERKEZİ KONUM DA SIFIR GENİŞ LÜKS 2+1,80,2+1,1.825.000,Maltepe,İdealtepe
601,ANT GAYRİMENKUL ÇEKMEKÖY ÇEKPA YAKINI 2+1 İSKANLI LÜKS ARAKAT,95,2+1,1.090.000,,
602,SAHİBİNDEN 3+2 DUBLEX MERKEZİ LOKASYONDA DENİZ ve GÖL MANZARALI,170,3+2,1.960.000,Avcılar,Gümüşpala
603,GÜLBAĞ ARAKAT 3+1 DAİRE,120,3+1,1.300.000,Şişli,Gülbahar
604,Habu - Beykentin En Güzel Butik Sitesinde Beklenilen Fırsat !,150,3+1,2.450.000,Beylikdüzü,Gürpınar
605,Ana cadde üzeri iskanlı Cemal Sururi sk 3 t 1 çatı dublexi,130,3+1,2.525.000,Şişli,Gülbahar
606,YASEMİN KURT'dan SURYAPI LAVENDER 3+1 GÖL KONAKLARINDA TAPULU,197,3+1,5.090.000,Sancaktepe,Samandıra
607,Konut Çok Uygun Emlak Ofisinden 4+2 Acil! Hastalık Sebebiyle Çatı Katı,250,4+2,785.000,Şişli,Gülbahar
608,SEMBOL GAYRİMENKUL ' BİZZ TOWERS HARİKA LOKASYON YEPYENİ PROJE,65,1+1,1.200.000,,
609,Kentsel Dönüşüm Kararı Alınmış Fırsat 3+1 Daire,135,3+1,4.200.000,Beşiktaş,Gayrettepe
610,SUADİYEDE TEK YETKİLİ AKILLI BİNADA DENİZ MANZARALI DUBLEKS,270,3+2,10.500.000,Kadıköy,Suadiye
611,ALBAN'DAN TEK DAİRE ÜZERİNE 145M²ÇİFT CEPHE 3+1 ASANSÖRLÜ ARAKAT,145,3+1,1.040.000,,
612,SULTANGAZİ 50.YIL'DA 2+1 95m2 FERAH VE AYDINLIK GENİŞ DAİRE!!!,110,2+1,940.000,Sultangazi,Sultançiftliği
613,"Fenerbahçe & Erguvan Sokakta, 210 m2 Net, Teraslı Dubleks %",250,3+2,14.950.000,Kadıköy,Fenerbahçe
614,İNFO YAPIDAN KENDİNE AİT BAHÇELİ VİLLA TADINDA FIRSAT 2+1,140,2+1,915.000,Beylikdüzü,Yakuplu
615,SUN GROUP İNŞAATTAN UYGUN FİYATA 3+1 GENİŞ FERAH ARAKAT DAİRE !,110,2+1,785.000,,
616,▃ARTEMİN YAPI▃ALTINTEPE'DE 10 YILLIK 2.KAT BAHÇELİ EMSALSİZ 2+1,100,2+1,2.100.000,Maltepe,Küçükyalı
617,KAÇMAZ_İDEALTEPE MİNİBÜSE YAKIN SATILIK ÖN CEPHE LÜKS 3+1 DAİRE,125,3+1,3.000.000,Maltepe,İdealtepe
618,"SEA PEARL FULL DENİZ MANZARALI SATILIK 4,5+1 DAİRE",360,4.5+1,28.000.000,Bakırköy,Ataköy
619,ARNAVUTKÖY MERKEZ KİPTAŞ SİTESİ 3+1 120m2 KREDİYE UYGUN DAİRE,120,3+1,1.800.000,,
620,SETYAP İSMETPAŞA MAH YÜKSEK BAHÇE KAT DAİRE 2000 TL KİRA GELİRİ,80,2+1,465.000,Sultangazi,Cebeci
621,SUN GROUP İNŞAATTAN METROBÜSÜN DİBİNDE MANZARALI EŞYALI DUBLEKS,250,4+2,3.200.000,Avcılar,Gümüşpala
622,MERKEZ MAH ORMAN MANZ. ŞİLE OTOYOLU YÜRÜME MES. 4+2 180m2 DUBLEX,180,4+2,1.970.000,,
623,"FİDAN'DAN BROOKLYN PARK'TA, HAVUZ CEPHE, 3+1 GENİŞ, EBEVEYNLİ",150,3+1,4.500.000,Kadıköy,Merdivenköy
624,Metrokentte Vadi Manz. 19.Kat Yapılı 143 m2 3+1 Satılık Daire,143,3+1,4.250.000,,
625,CUMHURİYET'TE FULL DONANIMLI SİTE İÇERİSİNDE ACİL SATILIK DAİRE,130,2+1,1.300.000,,
626,B.DÜZÜNDE MUHTEŞEM DAİRE,145,3+1,1.755.000,Beylikdüzü,Kavaklı
627,BEYLİKDÜZÜ KAVAKLI MERKEZDE SATILIK 2+1 DAİRE,95,2+1,1.100.000,Beylikdüzü,Kavaklı
628,-ÇALIŞARAK PARA KAZANMAYA SON!-HER AY 14.000₺ SABİT KİRAGETİRİSİ,240,4+3,2.245.000,Maltepe,Zümrütevler
629,VATANDAŞLIĞA UYGUN 3+1 مناسب اخذ شهروندی و پاسپورت,180,3+1,4.350.000,Kartal,Dragos
630,BESS GRUPTAN BEYLİKDÜZÜN DE 0.89 FAİZ ORANIYLA LÜX DAİRE!,140,3+1,2.349.000,Beylikdüzü,Gürpınar
631,KORDONBOYUNDA DENİZE YAKIN VATANDAŞLIĞA UYGUN SIFIR 3+1 DAİRE,158,3+1,4.400.000,KartalRahmanlar (Atalar,)
632,REFERANS TOWERS'TA YATIRIMLIK 1+1 FIRSAT DAİRE,56,1+1,1.850.000,KartalRahmanlar (Atalar,)
633,MSA YAPI A.Ş den SATILIK ultra lüks dubleks daire,190,3+2,2.150.000,Tuzla,İçmeler
634,ARTI'dan 'Tek Yetkili' Güney Cepheli Yüksek Kredili Ön 2+1!!!,110,2+1,1.950.000,Maltepe,Zümrütevler
635,"BESS GRUP'TAN UYGUN FİYAT,UYGUN FAİZ ORANI 0.89!!",140,3+1,2.100.000,Beylikdüzü,Gürpınar
636,BEYLİKDÜZÜ ELİF'TEN METRO'YA YAKIN ŞIK TASARIMLI 2+1 SATILIK,100,2+1,699.000,Beylikdüzü,Kavaklı
637,ADNAN KAHVECİYE YAKIN HUZURLU SİTEDE 2+1 UYGUN DAİRE,110,2+1,1.600.000,Beylikdüzü,Gürpınar
638,ESENYURT İNÖNÜ MAHALLESİNDE 1+1 BAHÇE KATI DAİRE,85,2+1,429.000,,
639,Bedeli FIRSAT Fenerbahçe de yeni binada 160 m2 h:295m 3+1,160,3+1,9.300.000,Kadıköy,Fenerbahçe
640,ERENKÖYDE AKTÜELDEN BAĞDAT'A YAKIN 100 M2 YENİ BİNADA SÜPER LÜKS,100,3+1,4.390.000,Kadıköy,Erenköy
641,İNFO YAPIDAN ARAKAT 2+1 KAÇIRILMAYACAK FIRSAT,100,2+1,1.329.000,Beylikdüzü,Yakuplu
642,ESENTEPE/GAYRETTEPE EMEKLİ SUBAY EVLERİNDE CADDE YANI 2+1,110,2+1,3.950.000,Beşiktaş,Gayrettepe
643,CADDE GM/*DUMANKAYA CADDE*SATILIK 1+1 EŞYALI KİRACILI DAİRE,56,1+1,1.085.000,Pendik,Yenişehir
644,CADDEBOSTAN'DA AKTÜEL'DEN DENİZ MANZARALI 220m2 SİTE ÖZELLİKLİ,220,4+1,17.500.000,Kadıköy,Erenköy
645,0.99 FAİZ ORANI İLE VİLLA TADINDA DENİZ MANZARALI SATILIK DUBLEX,220,4+1,1.670.000,Büyükçekmece,Kumburgaz
646,REOFFICE 'DEN TUZLA MARİNA YA YAKIN 217 m² HARİKULADE 5+2 DUBLEX,259,5+2,4.500.000,Tuzla,İstasyon
647,HEDEFLİ'DEN Küçükyalı Marmaraya Yakın Özel Tasarım Lüx 130m2 3+1,130,3+1,2.550.000,Maltepe,Küçükyalı
648,YATIRIM'dan Altıntepe Kızılay'da lüks yapılı sokağa cepheli 2+1,100,2+1,1.750.000,Maltepe,Küçükyalı
649,-AKTAŞ-145M2_AYR­I_MUTFAKLI_TERAS­LI_ÇOOK_FERAH_AS­ANSÖRLÜ_FIRSAT!!,145,2+1,1.395.000,Maltepe,Zümrütevler
650,NUR YAPI'DAN FULL KREDİ KULLANMA İMKANI FIRSAT DAİRE SUNUYORUZ !,100,2+1,432.500,,
651,SİNPAŞ QUEEN BOMONTİDE SATILIK 2+1 HİÇ KULLANILMAMIŞ SIFIR DAİRE,140,2+1,7.500.000,,
652,BEYLİKDÜZÜ'NÜN GÖZDESİ BUTİK SİTE İÇİNDE GENİŞ M²Lİ LÜX 3+1,160,3+1,1.990.000,Beylikdüzü,Kavaklı
653,"BEYLİKDÜZÜ MERKEZDE %0,98 FAİZ ORANINA UYGUN KELEPİR 4+2 DUBLEKS",220,4+2,1.790.000,Beylikdüzü,Gürpınar
654,KAĞITHANE TALATPAŞA MARİ 4402 DE SİTENİN EN UYGUN DAİRESİ,73,1+1,1.450.000,,
655,NİCE HOMEDAN 3+1 SİTEİÇİ %50 PEŞİN 36AY VADE HEMEN TESLİM DAİRE,175,3+1,1.500.000,Beylikdüzü,Kavaklı
656,İDEAL'DEN ÇİFTEHAVUZLAR SAHİLDE KATTA TEK SÜPER LÜX SIFIR 4+1,200,4+1,11.750.000,Kadıköy,Fenerbahçe
657,YATIRIM'dan Aydınevler'de E5'e Metroya Yakın 3 Yıllık Binada 2+1,90,2+1,970.000,Maltepe,Aydınevler
658,YATIRIM'dan Bostancı sahile ido'ya yakın emsalsiz fiyatta 3+1,120,3+1,2.385.000,Maltepe,Küçükyalı
659,KÜÇÜKYALI SAHİLDE EMSALSİZ KONUMDA 4+1 DELUXE YAŞAM,185,4+1,11.000.000,Maltepe,İdealtepe
660,KAT MÜLKİYETİ TAPULU ASANSÖRLÜ 110 M2 2+1 KELEPIR ARAKAT,124,2+1,899.000,,
661,REEL CADDEDEN CADDEBOSTAN LEBİDERYA MANZARALI SİTE ÖZELLİKLİ 4+1,225,4+1,16.500.000,Kadıköy,Caddebostan
662,E-5 'e ÇOK YAKIN 3+1 KAÇIRILMAZ DAİRE,140,3+1,2.200.000,Küçükçekmece,Sefaköy
663,LOCA MAHAL BOŞ 3+1 DAİRE,120,3+1,4.600.000,Zeytinburnu,Çırpıcı
664,REAL PARTNER'S tan MARİNAYA YÜRÜME MESAFESİNDE 2+1 ARA KAT,90,2+1,3.150.000,Bakırköy,Zeytinlik
665,SGK'YA KOMŞU 2000 YAPIMI ULTRA LÜX OTOMATİK PANJURLU 2+1 ..!!!,105,2+1,1.388.000,Maltepe,Yalı
666,AYDINEVLERDE MARMARA UNİVERSİTESİNE YAKIN SATILIK 2+1,90,2+1,1.490.000,Maltepe,Aydınevler
667,METROBÜSE 8 DAKİKA YÜRÜME MESAFESİ EBEVEYN BANYOLU 3+1,165,3+1,689.000,,
668,Habu - Beykentte Site İçerisinde 115 m2 Şömineli Daire !,115,2+1,1.690.000,Beylikdüzü,Gürpınar
669,ATAŞEHİR BARAJYOLU'NA CEPHE ADIGÜZEL SİTESİNDE SATILIK 3+1 DAİRE,135,3+1,2.300.000,,
670,Ege'den merkezi konumda ferah 2+1 satılık daire,95,2+1,1.680.000,Maltepe,Küçükyalı
671,SİLİVRİ SAHİLDE 3+1 YALI DAİREMİZ SATILIKTIR..,160,3+1,2.600.000,,
672,Bağdat Caddesine Yakın 3+1 Asansör Otoparklı (BOŞ),140,3+1,4.395.000,Kadıköy,Göztepe
673,SETYAP TAN CEBECİ MAH YENİ SIFIR DUBLEKS 4+2 185 M2 BAĞIMSIZ,185,4+2,1.550.000,Sultangazi,Cebeci
674,SAHİBİNDEN SATILIK İNŞAATI DEVAM EDEN PROJEDEN 3+2 DUBLEKS DAİRE,194,3+2,2.300.000,,
675,TURYAP'TAN AYAZMA EMLAK KONUTLARI KISA KATLARDA SATILIK 4+1,191,4+1,6.450.000,Başakşehir,İkitelli
676,ESENYURT PINAR MAHALLESİ ASANSÖRLÜ 2+1 BAHÇE KATI,110,2+1,542.000,,
677,"Kıraçta Satılık Masrafsız 3+1 Balkonlu Yüksek Giriş,Videosu Ekli",130,3+1,820.000,,
678,TUAL BAHÇEŞEHİR 2+1 SÜPER LUX DAİRE,140,2+1,2.290.000,Başakşehir,Bahçeşehir
679,"İstanbul House'dan, Site İçi, Güvenlik, K.Otoparklı, 160m2, 3+1",160,3+1,3.250.000,Bahçelievler,Kocasinan
680,NİŞANTAŞI VALİKONAĞI'NA YAKIN 2014 YAPIMI BİNADA 2+1!,70,2+1,3.000.000,Şişli,Meşrutiyet
681,Tütüncü M.Efendi Caddesi Üzerinde (A'dan Z'ye Yenileniyor),150,3+1,5.750.000,Kadıköy,Göztepe
682,TEK YETKİLİ SAHİLE 2 ADIM YAKINDA SIFIR 175M2 BAHÇE DUBLEKSİ,175,4+1,1.675.000,Pendik,Esenyalı
683,SANCAK GAYRİMENKUL-ESENLER DÖRTYOL'DA SATILIK 2+1 YENİ BAHÇEKATI,90,2+1,775.000,,
684,"KÖŞE BAŞI, KAPALI CAMLI,TERASLI,HAZIR KİRACILI 2+1 SATILIK..",100,2+1,1.050.000,Maltepe,Aydınevler
685,ÇALIŞKAN SOKAK'DA KÖŞE BAŞI ÖN CEPHE 2+1 SATILIK DAİRE..,100,2+1,1.500.000,Maltepe,Aydınevler
686,ISPARTAKULE BANU EVLERİ 1 SİTESİ SATILIK 4+1 DAİRE GÜNEY 173M2,173,4+1,4.161.000,Avcılar,Firuzköy
687,EVREN CAD. ÇİFT DAİRE KULLANIMLI GENİŞ M2Lİ 4+2 DUBLEKS SATILIK,160,4+2,1.750.000,Maltepe,Aydınevler
688,Selimiye satılık 2+1 kombili daire,90,2+1,2.149.000,Üsküdar,Selimiye
689,ŞEHİR MANZARALI YÜKSEK KİRA GETİRİLİ 2 AYRI DAİRE KULLANIMLI 3+2,145,3+2,1.650.000,Maltepe,Aydınevler
690,Kartal UPTWİNS DELUXE RESİDENCE TA satılık deniz manzaralı 1+1,70,1+1,1.850.000,Kartal,Soğanlık
691,ATÖLYEDEN FENERYOLUNDA BAĞDATA ÇOK YAKIN 220M2 4+2 DUBLEX 3YILLI,220,4+2,7.425.000,Kadıköy,Feneryolu
692,VADİSTANBUL PARK DA 3.5+1 SATILIK GÜNCEL TEK YETKİLİ DAİRE...,185,3.5+1,13.000.000,Sarıyer,Merkez
693,Şişli Merkez Satılık 3+1 Daire / Ofis,120,3+1,6.500.000,,
694,LEB-İ DERYA DENİZ MANZARALI 23.KAT KAPANMAZ MANZARA 3+1 DAİRE,170,3+1,5.800.000,KartalRahmanlar (Atalar,)
695,ASYA'DAN ALTINTEPE ŞEKERBANKTA 140M2 3+1 ÇOK FERAH ÖN KÖŞE 2.KAT,140,3+1,2.400.000,Maltepe,Küçükyalı
696,HEDEFLİ'DEN Adatepe Sahilde Marmaraya Yakın Özel Tasarım Lüx 2+1,95,2+1,1.600.000,Maltepe,Feyzullah
697,BAHÇE KULLANIMLI SÜPER LÜX 2+1 SATILIK DAİRE,85,2+1,690.000,,
698,SUADİYEDE BAĞDATA ÇOK YAKIN 2 YILLIK 4+1 130M2NET TERASLI DUBLEX,155,4+1,7.900.000,Kadıköy,Suadiye
699,ESENYURT MEHTERÇEŞMEDE METROBÜSE YAKIN 2+1 YENİ DAİRE,110,2+1,1.150.000,,
700,AND Pastelde En Büyük Tip Peyzaj ve Havuz Manz.Satılık 2+1 Daire,148,2+1,4.550.000,Kartal,Esentepe
701,SAHRAYICEDİT'TE İÇİ SIFIRLANMIŞ DAİRE,120,2+1,2.975.000,Kadıköy,Sahrayıcedit
702,"HEDEFLİ'DEN Deprem Sonrası,K.Garaj­lı,Asansörlü,Ön Köşe 120m2 3+1",120,3+1,2.250.000,Maltepe,Küçükyalı
703,ANKA YAPI DAN FULL KREDİLİ 0.99 ORAN İLE 3+1 FIRSAT DAİRE !!!,115,3+1,1.230.000,Sultanbeyli,Mimarsinan
704,KAVAKLI MAHALLESİNDE HEM YATIRIM HEM OTURUMLUK 2+1 ARAKAT DAİRE,110,2+1,1.299.000,Beylikdüzü,Kavaklı
705,POZİTİF İNVESTEN MERKEZİ YERDE SATILIK 2+1 DAİRE,100,2+1,2.500.000,Eyüpsultan,Göktürk
706,(FOR CITIZENSHIP),55,1+1,1.150.000,Beylikdüzü,Kavaklı
707,BEYLİKDÜZÜ KAVAKLIDA ÇİFT TERASLI EMSALSİZ BÜYÜKLÜKTE 5+2 DUBLEX,320,5+2,2.850.000,Beylikdüzü,Kavaklı
708,BAKIRKÖY SAKIZAĞACI TAŞHAN'DA SATILIK 3+1 YÜKSEK GİRİŞ DAİRE,120,3+1,1.340.000,Bakırköy,Cevizlik
709,REFERANS KORDONBOYUNDA SATILIK GENİŞ 3+1 EBEVEYN BANYOLU DAİRE,158,3+1,5.250.000,KartalRahmanlar (Atalar,)
710,WestBlocks 2+1 177m2 dubleks Satılık lüks daire 7.kat manzaralı,177,2+1,3.150.000,,
711,"KENTPLUS KADIKÖY,MANZ­ARALI,KAPALI MUTFAK,EBV BANYO,METROBÜS YANI",127,2+1,3.500.000,Kadıköy,Eğitim
712,EMLAKMARKETTEN TEK YETKİLİ MERKEZDE İSKANLI3+1 150M2+100M2TERAS,150,3+1,1.790.000,Kartal,Esentepe
713,EYÜP GÜZELTEPEDE SATILIK 2+1 ASANSÜRLÜ ARAKAT DAİRE,90,2+1,1.050.000,Eyüpsultan,Alibeyköy
714,Sarıyer Tarabya Le Chıc Sahibinden Deniz Manzaralı Dublex Daire,188,3+1,15.750.000,Sarıyer,Tarabya
715,YBK'DAN 0.99'A KREDİYE UYGUN MERKEZİ KONUMDA SATILIK 2+1 DAİRE,75,2+1,1.350.000,Şişli,Mecidiyeköy
716,"120 AY 0,89 !HERKES ARTIRDI BİZ İNDİRDİK/ SON 5 GÜN/ KOMİSYONSUZ",112,2+1,1.999.000,Küçükçekmece,Halkalı
717,Evcimden TAVUKÇUYULUNDA İKİ ADET BALKONLU 2+1 SIFIR YAPILI BOŞ,195,4+2,1.875.000,Ümraniye,Çakmak
718,GÜMÜŞ GAYRİMENKUL DEN SATILIK SİTE İÇİ BALKONLU 3+1,134,3+1,8.000.000,Zeytinburnu,Maltepe
719,KRİSTALŞEHİR SATILIK 3+1 DENİZ VE GÖL MANZARALI EN GÜNCEL DAİRE,144,3+1,2.500.000,,
720,Güven89 Sitesinde Arakat,135,3+1,1.550.000,,
721,KARTAL PETROLİŞTE CADDE ÜSTÜ 4CÜ KAT 2+1 SIFIR DAİRE,80,2+1,1.675.000,KartalRahmanlar (Atalar,)
722,Ecodan Marina24 Mimaroba Sitesinde Satılık Deniz manzaralı 3+1,202,3+1,8.500.000,Büyükçekmece,Merkez
723,ZEKERİYAKÖY USKUMRUKÖYDE VATANDAŞLIGA UYGUN 3+1 BAHCE DUBLEKSİ,230,3+1,7.450.000,Sarıyer,Köyler
724,BEYLİKDÜZÜ MARİNADA HAVUZ HAMAM SAUNA FİTNESSLI SİTE İÇİ 2+1,110,2+1,1.799.000,Beylikdüzü,Yakuplu
725,SAHİBİNDEN DAP ORMANKÖY'DE HARİKA KONUMLU 3+1 BAHÇE DUBLEKS,254,3+1,7.500.000,Çekmeköy,Taşdelen
726,UTKU'DAN TEK YETKİLİ ! CADDEBOSTAN SAHİLDE 2+1 EBEVEYN BANYOLU !,95,2+1,5.500.000,Kadıköy,Caddebostan
727,ATAŞEHİR VARYAP MERIDIAN VATANDAŞLIĞA UYGUN MANZARALI 3+1 DAİRE,198,3+1,7.250.000,Ataşehir,Barbaros
728,YETKİLİDEN!! SEBA FLATS DA SATILIK 2+1 DAİRE CİTİZENSHİP,125,2+1,6.000.000,Sarıyer,Merkez
729,TEK YETKİLİ KREDİ SINIRI YOK METROYA 3DK 2.KAT BALKONLU 2+1 85M2,85,2+1,1.800.000,Maltepe,Zümrütevler
730,'Concept Gayrimenkul'-KOMİ­SYONSUZ-Projeden Satılık 2+1 Daire,105,2+1,2.100.000,Tuzla,İstasyon
731,SUADİYE DENİZ VE ADALAR MANZARALI DUBLEKS,300,3+2,29.000.000,Kadıköy,Bostancı
732,BEYLİKDÜZÜ GEZGEN İNŞAAT'TAN KULLANIŞLI SATILIK 2+1 DAİRE,110,2+1,720.000,Beylikdüzü,Kavaklı
733,BAĞLARBAŞI KARAYOLLARI SİTESİNDE_B­ALKONLU_3+1 135M2_GİRİŞ KATI_,135,3+1,1.300.000,Maltepe,Yalı
734,WEN CADDE'DEN FİKİRTEPE SİTE İÇİNDE SIFIR SATILIK STÜDYO DAİRE,50,Stüdyo,(1+0),Kadıköy,Fikirtepe
735,KAPALI OTOPARKLI 2+1 DAİRE,86,2+1,1.100.000,Sultanbeyli,Mimarsinan
736,KÖŞEBAŞI BİNADA KOMİSYONSUZ SATILIK 2+1 ARAKAT DAİRE FIRSATI !!!,110,2+1,789.000,,
737,Adnan kahveci mahallesi 2+1 90m2 yatırımlık fırsat daireler,100,2+1,1.325.000,Beylikdüzü,Gürpınar
738,KOZYATAĞINDA VARON YETKİLİ!DİLKUM SİTESİNDE 190M2 İSKANLI LÜKS,190,3+1,4.750.000,Kadıköy,Sahrayıcedit
739,Huzurlu Marmara Sitesinde geniş 4+1,177,4+1,3.250.000,Beylikdüzü,Kavaklı
740,AKTÜELDEN FENERBAHÇE SAHİLDE 140 M2 SATILIK BALKONLU 3+1 DAİRE,140,3+1,6.950.000,Kadıköy,Fenerbahçe
741,BEYLİKDÜZÜ KAVAKLI'DA MERKEZİ KONUMDA ULTRA LÜKS GENİŞ 3+1,150,3+1,2.049.000,Beylikdüzü,Kavaklı
742,AKTÜELDEN FENERBAHÇE SAHİLDE SATILIK SIFIR BALKONLU 3+1 DAİRE,150,3+1,8.800.000,Kadıköy,Fenerbahçe
743,AKTÜELDEN SUADİYEDE MARMARAYA YAKIN SATILIK KATTA TEK 4+1 DAİRE,210,4+1,6.650.000,Kadıköy,Suadiye
744,AKTÜELDEN SUADİYEDE MARMARAYA YAKIN SATILIK KATTA TEK 4+1 DAİRE,210,4+1,6.650.000,Kadıköy,Suadiye
745,ŞAŞKINBAKKAL SAHİLDE 260m2 4+1 BALKONLU EBEVEYNLİ DENİZ MANZARAL,260,4+1,14.650.000,Kadıköy,Caddebostan
746,Maltepe Teras Park Nish Adalar yanı 2+1 deniz gören Sedat'tan,91,2+1,2.880.000,Maltepe,Zümrütevler
747,Ferah Doğalgaz (Kombi) Kaçırılmayacak Fırsat! Konut Sahibinden 5+2 Emsalsiz Konumda,220,5+2,6.950.000,Pendik,Esenyalı
748,SAHİBİNDEN MERKEZDE SIFIR LÜKS DUBLEKS EVORA EVLERİNE KOMŞU,220,5+2,2.550.000,Pendik,Esenyalı
749,BİRİKİM'den TEK YETKİLİ ! İdealtepe Sahilde 4 Yıllık Ön Lüks 2+1,100,2+1,2.400.000,Maltepe,İdealtepe
750,Ulus Noterler Sitesi Satılık 3+1 Bakımlı Lüx Bahçe Katı,130,3+1,5.750.000,Beşiktaş,Levazım
751,PRESTIGE CADDEDEN SUADİYE SAHİLDE DENİZ MAN. 260m2 KATTA TEK.,260,4+1,14.650.000,Kadıköy,Suadiye
752,AKTÜELDEN CADDEBOSTAN BAĞDAT CAD. SATILIK DENİZ MANZARALI 3+1,155,3+1,11.625.000,Kadıköy,Caddebostan
753,AKTÜELDEN FENERYOLU BAĞDAT CADDESİNDE SATILIK BALKONLU 3+1 DAİRE,155,3+1,6.950.000,Kadıköy,Feneryolu
754,TUZLA TWİN PARK SİTESİNDE MUHTEŞEM 3+1 SATILIK DAİRE,137,3+1,3.250.000,Tuzla,İstasyon
755,AKTÜELDEN ERENKÖYDE BAĞDATA YAKIN 145 M2 SATILIK BALKONLU 3+1,145,3+1,6.950.000,Kadıköy,Erenköy
756,Beylikdüzü Barış Mah Adakent Villaların Karşısı 3+1 150m2 Satılı,150,3+1,1.675.000,Beylikdüzü,Kavaklı
757,AKTÜELDEN ŞAŞKINBAKKAL SAHİLDE SATILIK EBEVEYN BANYOLU 3+1 DAİRE,105,3+1,7.750.000,Kadıköy,Suadiye
758,ARTI'dan TEK YETKİLİ Altıntepe'de Kullanışlı Metrekareli Katta!,90,2+1,1.890.000,Maltepe,Küçükyalı
759,"AKTÜELDEN SUADİYE SAHİLDE SATILIK GÜVENLİKLİ BALKONLU 4,5+1",310,4.5+1,15.450.000,Kadıköy,Suadiye
760,"SARMAŞIK EVLER'DE,FULL DEKORASYONLU,GENİŞ 3+1",130,3+1,2.450.000,Pendik,Yenişehir
761,AKTÜLDEN SUADİYEDE MARMARAYA YAKIN SATILIK BALKONLU 3+1 DAİRE,135,3+1,4.975.000,Kadıköy,Suadiye
762,AKTÜELDEN ERENKÖY BAĞDAT CAD.YAKIN 145M2 SATILIK 3+1 SIFIR DAİRE,145,3+1,6.600.000,Kadıköy,Erenköy
763,ZEYNEP' SAHİLDE GENİŞ SALONLU 4 ODALI KATTA TEK. 4.KAT,190,4+1,14.500.000,Kadıköy,Suadiye
764,ARTI'dan 'Tek Yetkili' Küçükyalı Çamlıkta Özel Dekorasyonlu 3+2!,200,3+2,5.500.000,Maltepe,Küçükyalı
765,ŞAŞKINBAKKAL SAHİLDE DENİZ MANZARALI KATTA TEK 220 M2 NET 4+1,260,4+1,14.650.000,Kadıköy,Suadiye
766,3+1 site içersinde kamera sıstemlı ıskanlı kredi sınırı yok,120,3+1,1.410.000,Tuzla,Aydınlı
767,Kavaklı'da Butik Site İçinde Merkezi Konumda 2+1 Şık Daire...,100,2+1,1.299.000,Beylikdüzü,Kavaklı
768,TURGUT EMLAKTAN BAGDAT CADDESİNE 1.PARALELDE FIRSAT DAİRE,140,3+1,9.250.000,Kadıköy,Bostancı
769,DNZ A.Ş GÖKTÜRK ARKETİP 2 SİTESİ 1+1 OTURUMA HAZIR BOŞ,100,1+1,4.200.000,Eyüpsultan,Göktürk
770,CONCEPT'TEN İDEALTEPE DE MİMARİ DEKORLU EMSALSİZ GENİŞLİKTE 3+1,160,3+1,3.350.000,Maltepe,İdealtepe
771,CONCEPT'TEN TEK YETKİLİ CEPHELERİ AÇIK VE FERAH LÜKS 3+1 DUBLEKS,150,3+1,3.750.000,Kadıköy,Bostancı
772,ROYAL'DEN METRO'YA 3_DK YEŞİLBAĞ EVLERİ BALKONLU GENİŞ 8.KAT 2+1,105,2+1,1.895.000,Pendik,Bahçelievler
773,KARTALTEPE CADDE ÜZERİNDE ÇOK ÇEPHELİ SATILIK DAİRE,120,3+1,1.150.000,Bayrampaşa,Muratpaşa
774,0.99 KREDİ İMKANI SIFIR YAPIDA BAHÇE KULLANMLI 2+1 120 METRE,120,2+1,1.190.000,Maltepe,Zümrütevler
775,SANCAK'TAN ATIŞALANI CADDESİ ÜZERİNDE SATILIK 100 m² 4.KAT DAİRE,100,2+1,1.750.000,Esenler,Birlik
776,ÇEKMEKÖY HAVAS EVLERİNDE GENİŞ DAİRE SATILIK 3+1,135,3+1,1.925.000,ÇekmeköyAlemdağ(Alemdar,)
777,BİZLER'DEN BEYLİKDÜZÜ'NDE VİLLA TADINDA 2+1 BAHÇE KATI,120,2+1,1.635.000,Beylikdüzü,Kavaklı
778,BEYLİKDÜZÜ YAKUPLUDA UYGUN FİYATLI ARAKAT 3+1 SATILIK DAİRE,125,3+1,1.500.000,Beylikdüzü,Yakuplu
779,BEYLİKDÜZÜ GÜRPINAR MERKEZDE UYGUN FİYATTA İSKANLI 3+1,120,3+1,1.650.000,Beylikdüzü,Gürpınar
780,REEL CADDE SUADİYE'DE BAĞDATA 7DK BALKONLU BOŞ SIFIR 110m2 2+1,110,2+1,4.950.000,Kadıköy,Suadiye
781,ÇATALMEŞE MAHALLESİNDE SATILIK 2+1 ARA KAT ACİL DAİRE!!,85,2+1,889.999,ÇekmeköyAlemdağ(Alemdar,)
782,0.99 KREDİYE UYGUN!.. 122 EVLERDE 2+1 85M2 KÖŞE BAŞI SIFIR DAİRE,85,2+1,1.700.000,Maltepe,Zümrütevler
783,BİZİM MAHALLE 3+1 179m2 EN BÜYÜK DEPOLU HAVUZ ŞELALE MANZARALI,179,3+1,3.500.000,Küçükçekmece,Halkalı
784,ARDIÇLI 'DA LÜKS PROJE 'DE SATILIK GENİŞ 3+1 PEYZAJ MANZARALI,172,3+1,5.300.000,,
785,İdealtepe Koruparka Komşu Geniş Ön Cephe 3+1 Arakat,115,3+1,1.585.000,Maltepe,İdealtepe
786,ARDIÇLI 'DA EN PRESTİJLİ VE LÜKS PROJE 'DEN SATILIK GENİŞ 3+1,175,3+1,5.500.000,,
787,AKKOZA DEFNE BLOKLARI SATILIK 2+1,152,2+1,2.100.000,,
788,ACİLL İHTİYAÇTAN SATILIK İÇİ YAPILI EBEVEYN BANYOLU DAİRE,100,2+1,619.500,,
789,A&B'DEN TEK YETKİLİ FENERBAHÇE DE 210m2 4+1 SAHİLE 2.BİNA,210,4+1,8.750.000,Kadıköy,Fenerbahçe
790,İSKANLI CADDEYE 30 METRE KİRACILI YATIRIMLIK BAHÇELİ DAİRE,60,1+1,1.350.000,Üsküdar,Bulgurlu
791,METROBÜSE YAKIN 3+1 KAT MÜLKİYETLİ ASANSÖRLÜ ÇİFT BALKONLU DAİRE,165,3+1,1.279.000,Esenyurt,Haramidere
792,Ege'den ara kat 3+1 içi yapılı geniş m2 satılık daire,125,3+1,1.995.000,Maltepe,İdealtepe
793,NEVA dan CADDEBOSTAN OYUNCAK MÜZESİNE KOMŞU SIFIR ARAKAT DAİRE,125,3+1,4.950.000,Kadıköy,Göztepe
794,▃ARTEMİN YAPI▃TEK YETKİLİ SAHİL'DE 2 YILLIK ÖN KÖŞE 4+2 DUBLEKS,250,4+2,5.500.000,Maltepe,İdealtepe
795,ÜMRANİYE İNKİLAP MAH.DE HERYERE YAKİN YENİ BİNADA SATILIK DAİRE,85,2+1,1.500.000,Ümraniye,Merkez
796,BÖLGENİN EN PRESTİJLİ PROJESİ ARTIK TESLİM ! SATILIK 3+1,175,3+1,5.600.000,,
797,KAĞITHANE HAMİDİYE MAH. YAŞAM EVLERİ SİTESİNDE 3+1 SATILIK DAİRE,140,3+1,2.990.000,Kağıthane,Hamidiye
798,KALEKENT 2.ETAP VATANDAŞLIĞA UYGUN SATILIK 4+1 SIFIR DAİRE,225,4+1,6.150.000,Beylikdüzü,Gürpınar
799,GÖKÇE'den FANERBAHÇE SAHİL'de DENİZ MANZARALI TERASLI ÖZEL DAİRE,90,1+1,5.575.000,Kadıköy,Fenerbahçe
800,SEMBOL GAYRİMENKUL 'den NLOGO 'da 3+1 140m2 OTURUM İZNİNE UYGUN,140,3+1,1.350.000,,
801,SEMBOL GAYRİMENKUL 'den 1+1 80m2 BALKONLU SIFIR DAİRE NLOGO 'da,80,1+1,900.000,,
802,BÖLGEDEKİ EN GENİŞ FULL SOSYAL TESİSLİ PROJE 'DEN SATILIK 2+1,143,2+1,4.600.000,,
803,TAŞDELEN AYDINLAR MAH 110m2 2+1 SATILIK ARA KAT DAİRE,110,2+1,1.275.000,Çekmeköy,Taşdelen
804,BEYLİKDÜZÜ ÖNCÜ GRUP TAN ŞIK TASARIMLI SATILIK LÜX DAİRE!!!,115,2+1,439.900,Beylikdüzü,Kavaklı
805,BEYLİKDÜZÜ ÖNCÜ GRUP TAN ŞIK TASARIMLI SATILIK LÜX DAİRE!!!,115,2+1,439.900,Beylikdüzü,Kavaklı
806,Ege'den SIFIR köşe binada ARA KAT 2+1 SATILIK lüks daire,80,2+1,2.650.000,Maltepe,İdealtepe
807,ARIKOĞLUNDAN U.MUMCUDA ÇİFT CEPHE KÖŞE BAŞI ORTA 2.Cİ KAT 2+1 95,95,2+1,1.525.000,Sultangazi,Sultançiftliği
808,EVCİM'ATAŞEHİR ŞERİFALİDE REZİDANCE GÜVENLİK OTOPARK 9.000 KİRA,75,1+1,2.050.000,Ümraniye,Şerifali
809,istanbul bağcılar kemalpaşa m.h turan gayrimenkul satlik daire,85,2+1,910.000,Bağcılar,Kemalpaşa
810,5.LEVENT PROJESİNDE YÜKSEK KAT AVANTAJLI SATILIK 4+1 DAİRE,208,4+1,14.900.000,Eyüpsultan,Alibeyköy
811,SAHİBİNDEN İNNOVİA 2 DE FULL YAPILI VE EŞYALI KALİTELİ DAİRE 1+1,65,1+1,1.750.000,,
812,BAHÇEŞEHİR SPRADON KULELER*SATILIK 4+1 DAİRE*VATANDAŞLIĞA UYGUN*,184,4+1,4.865.000,Başakşehir,Bahçeşehir
813,FIRSAT SIFIR İSKANLI SİTE İÇİNDE 3+1 SATILIK DAİRE,140,3+1,1.975.000,Sancaktepe,Samandıra
814,AVRASYA YAPI'DAN ÇEKMEKÖY'DE KREDİYE UYGUN 2+1 DAİRE KOD 1370,85,2+1,855.000,Çekmeköy,Taşdelen
815,DERİN'DEN SİTEDE İSTANBUL CADDESİ'NİN YANI BAŞINDA 1+1 DAİRE,75,1+1,1.850.000,Eyüpsultan,Göktürk
816,KADIKÖY ZEN'DEN YELDEĞİRMENİN'DE YENİ BİNADA SAHİLE YAKIN 1+1 SA,60,1+1,2.390.000,Kadıköy,Rasimpaşa
817,AKBATI AKKOZA KORU BLOKLARINDA 1+1 82m2 SATILIK DAİRE,82,1+1,1.400.000,,
818,BAHÇEŞEHİR AKKOZA FIRSAT KAPALI MUTFAK GENİŞ MUTFAKLI 2+1 DAİRE,120,2+1,1.950.000,,
819,ŞENER GYD'DEN OMEGA VİTRİNDE 2+1 LÜKS DAİRE,80,2+1,1.375.000,Pendik,Yayalar
820,5.LEVENT PROJESİN DE 3+1 GÜNEY CEPHE ÇİFT BANYOLU FIRSAT DAİRE,194,3+1,9.100.000,Eyüpsultan,Alibeyköy
821,AVANGART İSTANBUL DA SATILIK 1+1 BOŞ DAİRE,70,1+1,4.500.000,Sarıyer,Merkez
822,KARTAL Topselvide satılık 1+1 satılık daire,85,3+2,945.000,Kartal,Topselvi
823,ÇEKMEKÖY TAŞDELEN 2+1 140 m2 İSKANLI YÜKSEK GİRİŞ DUBLEKS,140,2+1,890.000,Çekmeköy,Taşdelen
824,4 LEVENT HUKUKÇULAR SİTESİNDE SATILIK DAİRE,165,3+1,6.700.000,Beşiktaş,Levent
825,YASEMİN KURT'dan AYDOS COUNTRY SİTESİ 2+1 BOŞ SİTE İÇİ SATILIK,105,2+1,2.880.000,Sancaktepe,Samandıra
826,BİRİKİM'den Altıntepe'de Mantolamalı Bakımlı Binada Lüks Ön 2+1,105,2+1,1.750.000,Maltepe,Küçükyalı
827,BİRİKİM'den Altıntepe Sahile Yakın Ultra Lüks Yapılı 1.Katta 3+1,140,3+1,2.550.000,Maltepe,Küçükyalı
828,BİRİKİM'den Altıntepe Sahilde 3 Yıllık Binada Lüks 3+1 Dubleks,170,3+1,3.750.000,Maltepe,Küçükyalı
829,"GAYRETTEPE MEYDANDA AZ KATLI BİNADA 2+1, OTOPARKLI DAİRE",115,2+1,3.750.000,Beşiktaş,Gayrettepe
830,"60 MONTHS INSTALLMENTS, NO INTEREST,NO COMMISSION FROM AREN YAPI",145,3+1,486.000,Beylikdüzü,Kavaklı
831,ZİVERBEY 34 HAVUZ MANZARALI 4+1 ULTRA LUX SATILIK DAİRE!,200,4+1,11.400.000,Kadıköy,Feneryolu
832,SAMANDIRA MERKEZ'DE 130 M2 ARA KAT 3+1 KAT MÜLKİYET YENİ METRO,130,3+1,1.515.000,Sancaktepe,Samandıra
833,KAÇMAZ_ALTAYÇEŞME' DE GÜVENLİKLİ SİTE İÇİNDE SATILIK GENİŞ 4+1,165,4+1,4.250.000,Maltepe,İdealtepe
834,TURYAP SUADİYE'DEN SIFIR BİNADA EMSALSİZ 3+1 122M2 NET FIRSATI !,150,3+1,7.100.000,Kadıköy,Erenköy
835,ALBAN GYODAN 90M²TEK DAİRE ÜZERİNE 2+1 BAHÇELİ 2+1 SATILIK DAİRE,90,2+1,680.000,,
836,AKKOZADA FIRSAT KAPALI MUTFAK GENİŞ MUTFAKLI 2+1 DAİRE,120,2+1,1.950.000,,
837,ÇOK ACİL İHTİYAÇTAN ESENYURT CUMHURİYET MAH. 3+1 SATILIK DAİRE,120,3+1,1.365.000,,
838,Kaçmaz Fırsat! Sahibinden Cadde Üzeri 5+1 Lüks Dubleks,260,5+1,2.250.000,,
839,HALKALI DİVAN RESİDENCE YÜKSEK KATTA GÖL VE DENİZ MANZARALI 1+1,76,1+1,1.550.000,Küçükçekmece,Merkez
840,WEN CADDEDEN SAHRAYICEDİD'DE SIFIR BİNADA SATILIK 3+1,130,3+1,4.750.000,Kadıköy,Sahrayıcedit
841,ORMAN MANZARALI 2+1 GENİŞ DAİRE AVANGARD'A KOMŞU,140,2+1,12.000.000,Kağıthane,Hamidiye
842,"DOSTDOĞRU'DAN İSKANLI,OTOPA­RKLI,HAVUZLU SİTEDE ARA KAT 2+1",95,2+1,1.225.000,Tuzla,Aydınlı
843,SKYLAND PROJESİNE KOMŞU 4+1 GENİŞ ORMAN MANZARALI DAİRE,211,4+1,18.000.000,Kağıthane,Hamidiye
844,BOĞAZ MANZARALI ACAR BLU'DA LÜKS DAİRE,265,3+1,20.150.000,Beykoz,Paşabahçe
845,MERDAN PARK KONAKLARI SATILIK 3+1 DAİRE,160,3+1,2.125.000,,
846,VADİ İSTANBUL YANI BAŞINDA ORMAN MANZARALI SIFIR 3+1 DAİRE,182,3+1,15.700.000,Kağıthane,Hamidiye
847,ARTI'dan Küçükyalı'da Minibüs Yolu'na 2.Binada Lüks 3+1...,130,3+1,2.550.000,Maltepe,Küçükyalı
848,VADİ İSTANBUL'A KOMŞU 2+1 ORMAN İÇİNDE BÜYÜK M2 DAİRE,135,2+1,11.500.000,Kağıthane,Hamidiye
849,Boğaz Manzarası ile Mimarinin Estetik Dansı,330,2+1,21.000.000,Üsküdar,Beylerbeyi
850,VADİ İSTANBUL YANI BAŞINDA ORMAN MANZARALI 1+1 BÜYÜK M2 DAİRE,108,1+1,9.300.000,Kağıthane,Hamidiye
851,Tuzla Yayla Mahallesinde 2+1 Yatırımlık Mahmut Demir den,90,2+1,1.100.000,Tuzla,Tersaneler
852,FAVORİ'DEN MARMARAYA İKİ DK MESAFEDE GÜZELYALIDA 3+1 SATILIK,135,3+1,1.570.000,Pendik,Esenyalı
853,BK GAYRİMENKUL'DEN 2+1 AYARINDA 1+1 ÇOK KULLANIŞLI DAİRE!,75,1+1,779.000,Çekmeköy,Taşdelen
854,ARIKOĞLUNDAN U.MUMCUDA GÜNEY CEPHE ASANSÖRLÜ 3+3 230M2 DUBLEX,240,4+3,2.499.000,Sultangazi,Sultançiftliği
855,Göztepe eğitim ve araştırma hastanesi tam karşısında,120,2+1,2.150.000,Kadıköy,Fikirtepe
856,ELMASIM'DAN 2+1 SÜMER DE SATILIK DAİRE,100,2+1,960.000,Zeytinburnu,Çırpıcı
857,K.TEPE 6 YAŞ BİNA ÖNCEPHE 3+1 110m2 ASANSÖR K.OTOPARK BOŞDAİRE,110,3+1,4.500.000,Bakırköy,Kartaltepe
858,FENERYOLUNDA 2+1 İÇİ SIFIR DAİRE,121,2+1,3.600.000,Kadıköy,Feneryolu
859,ÇEKMEKÖY ALEMDAĞ MERKZDE CADDE ÜSTÜ 3+1 BAHÇE DUBLEKSİ,130,3+1,950.000,ÇekmeköyAlemdağ(Alemdar,)
860,MERKEZDE BAHÇELİ VE GENİŞ MUTFAKLI 2+1 SATILIK FIRSAT DAİRE,95,2+1,499.000,,
861,Adnan Kahvecide Yavuz Sultan Selim Bulvarında 3+1 Satılık Daire,180,3+1,2.500.000,Beylikdüzü,Gürpınar
862,VİZYON EMLAK TAN BARIŞ CADDESİNDE 3+1 120 M2 MERKEZİ LOKASYONDA,120,3+1,1.455.000,Maltepe,Zümrütevler
863,BOSTANCI'DA MÜKEMMEL KONUMLU GENİŞ 3+1 SATILIK DAİRE,135,3+1,3.875.000,Kadıköy,Bostancı
864,TURYAP SUADİYE'DEN GENÇ BİNADA GENİŞ EMSALSİZ 4+1 TEK YETKİLİ!!!,190,4+1,8.000.000,Kadıköy,Feneryolu
865,EVSA'DAN TEK YETKİLİ İDEALTEPE KÜÇÜKTUR'DA 130 M2 YENİ BİNA,150,3+1,5.500.000,Maltepe,İdealtepe
866,FATİH CİBALI MAHALLESİNDE SATILIK BODRUM DAİRE,80,2+1,548.000,Fatih,Küçükmustafapaşa
867,YATIRIM'dan TEK YETKİLİ sahilde ebeveyn banyolu bahçeli 2+1,105,2+1,2.150.000,Maltepe,İdealtepe
868,MERKEZİ KONUMDA 3+1 GENİŞ VE KULLANIŞLI SATILIK DAİRE,135,3+1,1.100.000,Beylikdüzü,Kavaklı
869,KAÇMAZ_BOSTANCIDA METROYA YAKIN 37M2 SALONLU GENİŞ 3+1 DAİRE,165,3+1,6.000.000,Kadıköy,Bostancı
870,SİTEDE BAHÇE KULLANIMLI HAVUZLU 220 M2 4+1 3 BANYOLU SATILIK,240,4+1,8.290.000,Sarıyer,Büyükdere
871,Ege'den Altıntepe'de masrafsız yüksek giriş satılık 2+1,100,2+1,1.800.000,Maltepe,Küçükyalı
872,ultura lüks,170,3+1,1.870.000,Beylikdüzü,Kavaklı
873,"İlkemCity den Petroliş te Mükemmel Konum,Genç Bina Satılık Daire",90,2+1,1.650.000,KartalRahmanlar (Atalar,)
874,▃ARTEMİN YAPI▃TEK YETKİLİ MALTEPE SAHİL'DE KELEPİR 210m2 LÜX 4+2,210,4+2,2.650.000,Maltepe,Yalı
875,CENGELKOY BAHÇELİEVLER ACİL FIRSAT! 2+1 80 M2 BAHÇE KATI,80,2+1,1.520.000,Üsküdar,Bahçelievler
876,KAÇMAZ_ALTINTEPEDE SATILIK KAPANMAZ DENİZ MANZARALI 4+1 DUBLEKS,230,4+1,4.350.000,Maltepe,Küçükyalı
877,SÜMER EMLAKTAN SATILIK SÜPER KONUMLU KÖŞEBAŞI DUBLEX DAİRE,180,4+2,3.500.000,Zeytinburnu,Çırpıcı
878,"METE'den TEK YETKİLİ,Ulus Dostlar Sitesi 435 m2 Çatı Dubleks",450,8+1,21.500.000,Beşiktaş,Levazım
879,KOZYATAĞI MUHTEŞEM KONUM 3+1 SATILIK DAİRE FIRSAT,130,3+1,3.600.000,Kadıköy19 ,Mayıs
880,BAHÇEŞEHİR SPRADON TERAS EVLER**SATILIK 4+1 DAİRE**TERASLI*GENİŞ,245,4+1,6.475.000,Başakşehir,Bahçeşehir
881,BİRİKİM'den Küçükyalı'da Masrafsız Ferah Balkonlu 4.Kat 2+1,110,2+1,1.800.000,Maltepe,Küçükyalı
882,BİRİKİM'den İdealtepe Koru'da 3 Yıllık İskanlı Bahçeli Lüks 2+1,90,2+1,1.495.000,Maltepe,İdealtepe
883,BAHÇEŞEHİR AKKOZA CROWN DELUXE SATILIK 1+1 BALKONLU DAİRE,82,1+1,1.400.000,,
884,AKBATI AKKOZA YÜKSEK KAT BALKONLU 1+1 SATILIK DAİRE,82,1+1,1.400.000,,
885,AKBATI AKKOZA YÜKSEK KAT BALKONLU 1+1 SATILIK DAİRE,82,1+1,1.400.000,,
886,BEYLİKDÜZÜNDE METROBÜSE YAKIN 3+1 SATILIK FIRSAT DAİRE,135,2+1,1.045.000,Beylikdüzü,Yakuplu
887,"İSKÂNI ALINMIŞ,SATIŞ OFİSİNDEN 3+1 HAVUZLU SİTEDE DAİRELER",145,3+1,2.600.000,ÇekmeköyAlemdağ(Alemdar,)
888,KARLIKTEPE'DE SATILIK 2+1 KELEPİR YENİ DAİRE,85,2+1,1.175.000,Kartal,Esentepe
889,PERADAN SİTE ÖZELLİKLİ GÜVENLİKLİ HAVUZLU EMSALSİZ 1+1 SATILIK,95,1+1,1.350.000,Sancaktepe,Samandıra
890,GÜRPINAR CAD NCT GRAND LİFE LANSMANA ÖZEL EN MODERN ve BÜYÜK 3+1,186,3+1,2.141.195,Tuzla,Aydınlı
891,Ege'den 'Tek Yetkili ' İdealtepe de sıfır 3+1 ön cephede 1.KAT,135,3+1,3.250.000,Maltepe,İdealtepe
892,Beylikdüzü'nde Yeşillikler İçinde Butik Ebeveyn Banyolu 2+1....,100,2+1,1.280.000,Beylikdüzü,Yakuplu
893,CADDEBOSTAN BAĞDAT CAD. 5. BİNADA 3+1 DAİRE***,120,3+1,4.700.000,Kadıköy,Caddebostan
894,"GÖKTÜRK MERKEZDE SİTE İÇERİSİNDE 3,5+1 DAİRE DİALOG RENK'TEN",210,3.5+1,7.500.000,Eyüpsultan,Göktürk
895,AVANGART İSTANBUL 3 + 1 157 M2 TAPULU - CİTİZENSHİP - BOŞ DAİRE,157,3+1,8.600.000,Sarıyer,Merkez
896,İNŞAAT FİRMASINDAN PINAR MAH 2+1 80 M²,90,2+1,585.500,,
897,YATIRIM'dan Küçükyalı'da ulaşım olanaklarına yakın ferah 2+1,100,2+1,1.690.000,Maltepe,Küçükyalı
898,Kartal Yakacıkta Site İçerisinde Sıfır 3+1 KELEPİR Daire,115,3+1,1.530.000,Kartal,Yakacık
899,ACİL İSTANBUL BEYLİKDÜZÜ BEYKENT'DE SATILIK DAİRE,135,3+1,2.700.000,Beylikdüzü,Gürpınar
900,ÜMRANİYE SURYAPI EXEN RESİDENCE 2+1 139M2 LOBBY KAT BEYAZ SERİ,139,2+1,4.100.000,Ümraniye,Atatürk
901,ESENYURT MERKEZDE 1+1 LÜXS 75 M2 METROBUS VE ÜNİVERSİTE YAKIN,100,1+1,980.000,,
902,PENDİK ESENYALI MAHALLESİNDE MERKEZİ KONUMDA SATILIK 3+1 DAİRE,130,3+1,1.600.000,Pendik,Esenyalı
903,ARIKOĞLUNDAN ACİL FİYAT DÜŞTÜ PAZARLIKSIZ ASANSÖRLÜ EBEWEYNLİ2+1,120,2+1,1.610.000,Sultangazi,Sultançiftliği
904,"BOĞAZ MANZARALI, PANORAMİK TERASLI DUBLEX DAİRE",170,3+2,3.175.000,Üsküdar,Çengelköy
905,MARKADAN ÇİÇEKSUYU CAD. 1.kat Çook GENİŞ Çook Ferah 3+1 daire,145,3+1,2.700.000,Eyüpsultan,Yeşilpınar
906,ATAKÖY KONAKLARI' NDA DOĞU CEPHE D TİPİ MANZARALI SATILIK 3+1,174,3+1,12.450.000,Bakırköy,Ataköy
907,NEVİN AKGÜN' DEN AQUA FLORYA KARŞISI MUHTEŞEM DUBLEX ..,450,7+2,23.000.000,Bakırköy,Florya
908,CITIZENSHIP OFFER 1+1 READY FLAT,74,1+1,1.499.999,,
909,MERDİVENKÖY MİNİBÜS CADDESİ ÜZERİ 110M2 3+1 ASANSÖRLÜ ARA KAT,110,3+1,2.825.000,Kadıköy,Merdivenköy
910,KISIKLI'DA 160 M2 TERS DUBLEX SATILIK DAİRE !!!,160,3+1,2.300.000,Üsküdar,Ferah
911,SİNPAŞ AQUA CITY 2010'da *SADECE 3 ADET BULUNAN* 4 BALKONLU 3+1,173,3+1,4.700.000,Sancaktepe,Sarıgazi
912,"ESENYURT'TA KÖŞE BAŞI, 100M2, 2+1 UYGUN DAİRE",100,2+1,635.000,,
913,Çekmeköy Sarıevler Sancaktepe Sarı Evler Satılık Çatı Dubleks,235,4+2,3.250.000,Sancaktepe,Sarıgazi
914,3 Günde Tapu Vatandaşlığa Uygun Elite Life Residence'da 2+1,169,2+1,4.750.000,Beylikdüzü,Gürpınar
915,'Concept Gayrimenkul'-KO­MİSYONSUZ-Satış Ofisinden Satılık 3+1,126,3+1,2.550.000,Tuzla,İstasyon
916,ÖMERPAŞADA KIZ LİSESİNE YAKIN YENİ BİNADA 3+1 135 m2 2.KAT,135,3+1,5.950.000,Kadıköy,Göztepe
917,METROYA YÜRÜME MESAFESİ ÇOK GÜZEL KONUM FIRSAT 2+1 SATILIK,90,2+1,1.250.000,Ümraniye,Merkez
918,TEK YETKİLİ ORDUEVİNE ÇOK YAKIN SIFIR 135M2 BALKONLU LÜKS,135,3+1,9.250.000,Kadıköy,Fenerbahçe
919,MODERN'DEN BAĞLARBAŞI MAH. GÖÇMENLERİN OLDUĞU SOKAKTA 2+1 85m2,90,2+1,885.000,,
920,"10000 TL KİRA GETİRİLİ, BAĞIMSIZ 2 DAİRE KULLANIMLI, METROYA 1DK",120,2+1,1.450.000,Ataşehir,İçerenköy
921,YETKİLİ GÖZTEPE Point'den CADDEYE YAKIN 165 M2 4+1 KATTA TEK,165,4+1,6.500.000,Kadıköy,Göztepe
922,ZEYTİNBURNU VELİEFENDİ MAH'DE 3+1 130m² KREDİLİ SATILIK DAİRE...,130,3+1,1.600.000,Zeytinburnu,Çırpıcı
923,"HEY' DEN KOZZY AVM ARKASI DENİZ MANZARALI SATILIK 3,5 +1 DUBLEX",170,3.5+1,5.000.000,Kadıköy,Kozyatağı
924,SINIRSIZ KREDİ İMKANI 3 GÜN GEÇERLİ FİYAT SİTE İÇİNDE EN UYGUN,76,1+1,1.085.000,Pendik,Dolayoba
925,SINIRSIZ KREDİ İMKANI 3 GÜN GEÇERLİ FİYAT SİTE İÇİNDE EN UYGUN,76,1+1,1.085.000,Pendik,Dolayoba
926,Soyludan Acil Satılık Kredi Limitsiz 3+1 Satılık Daire,140,3+1,1.975.000,Pendik,Yenişehir
927,AVRUPA KONUTLARI ATAKÖY SATILIK MOBİLYALI 2+1 DAİRE,105,2+1,5.150.000,Bakırköy,Ataköy
928,BİRİKİM'den TEK YETKİLİ ! Aydınevler'de 3 Yıllık 1.Katta Lüx 2+1,100,2+1,1.620.000,Maltepe,Aydınevler
929,'Concept Gayrimenkul' KOMİSYONSUZ-Satış Ofisinden-Satılık 3+1,121,3+1,2.650.000,Tuzla,Postane
930,MALTEPE IHLAMUR SİTESİNDE LÜKS 4+1 DAİRE,170,4+1,4.090.000,Maltepe,İdealtepe
931,BK GAYRİMENKUL'DEN AÇIK OTOPARKLI GENİŞ 2+1 ARAKAT DAİRE,100,2+1,1.188.000,Sancaktepe,Samandıra
932,CADDEBOSTAN VARONDAN ÖMERPAŞADA 225M2 İSKANLI TERASLI DUBLEKS,225,3+1,6.900.000,Kadıköy,Göztepe
933,YATIRIM'dan küçükyalı'da lüks yapılı sokağa cepheli ferah 3+1,120,3+1,2.890.000,Maltepe,Küçükyalı
934,Mecidiyeköy'de Eski Osmanlı Sokakda Bakımlı Satılık Dublex Daire,135,4+1,2.475.000,Şişli,Mecidiyeköy
935,FIRSATTIR!! VALİDEBAĞ KONAKLARINDA GİRİŞKAT BAHÇE KULLANIMLI 1+1,68,1+1,2.850.000,Üsküdar,Altunizade
936,ÇAKIR'DAN SİTE İÇİ İSKANLI E.BANYOLU SATILIK 3+1 ARA KAT DAİRE,110,3+1,1.395.000,Tuzla,Aydınlı
937,TUZLA AYDINLI'DA MERKEZİ KONUMDA SATILIK 5+2 220M2 DUBLEKS DAİRE,220,5+2,1.850.000,Tuzla,Aydınlı
938,Altınzade Barbaros Mah. 160 m2 sıfır Güney cephe Dublex,160,3+1,6.300.000,Üsküdar,Altunizade
939,ARTI'dan 'Tek Yetkili' Mavievler'de Metroya Hilltown'a Yakın 3+2,240,3+2,2.500.000,Maltepe,Aydınevler
940,Beylikdüzü Gürpınar merkezde geniş 2+1 daire.,110,2+1,1.600.000,,
941,BÜYÜKÇEKMECE SATILIK 3+1 GENİŞ FULL SOSYAL TESİSLİ AİLE PROJESİ,235,3+1,5.500.000,,
942,ISPARTAKULE'DE LANSMAN ÖNCESİ AVANTAJLI 2+1 DAİRE BANU EVLERİ 4,135,2+1,2.700.000,Avcılar,Firuzköy
943,BÜYÜKÇEKMECE 'DE ŞEHRİN ORTASINDA SATILIK GENİŞ 4+1 PROJE 'DEN,285,4+1,6.000.000,,
944,BÖLGENİN EN GENİŞ 3+1 DAİRESİ PROJE'DEN SATILIK BÜYÜKÇEKMECE,242,3+1,5.900.000,,
945,HİLAL KONAKLARI GENİŞ 2+1 SATILIK METROBÜSE YAKIN,210,2+1,5.500.000,,
946,ISPARTAKULE BANU EVLERİ 4 ÖN TALEP FIRSAT 3+1 DAİRE KAÇIRMAYIN,163,3+1,3.100.000,Avcılar,Firuzköy
947,ISPARTAKULE'DE LANSMAN ÖNCESİ AVANTAJLI 2+1 DAİRE BANU EVLERİ 4,129,2+1,2.500.000,Avcılar,Firuzköy
948,ISPARTAKULE %50 PEŞİNAT 24 AY TAKSİTLİ FIRSAT 3+1 BANU EVLERİ 4,163,3+1,3.600.000,Avcılar,Firuzköy
949,ISPARTAKULE'DE 2+1 ÖN TALEP FIRSATI %50 PEŞİNAT 24 AY TAKSİT,129,2+1,2.900.000,Avcılar,Firuzköy
950,KARTAL İST MARİNA DENİZ MANZARALI SATILIK STÜDYO,45,Stüdyo,(1+0),KartalRahmanlar (Atalar,)
951,BÜYÜKÇEKMECE 'DE PROJE'DEN SATILIK 2+1 HİLAL KONAKLARI,175,2+1,4.700.000,,
952,MXM TRİO'DAN KASRİ LENA SİTESİNDE VATANDAŞLIĞA UYGUN LÜKS 3+1,165,3+1,4.500.000,Ümraniye,Esenşehir
953,ELIBOL/GYD YENİDOĞAN'DA DEPREM SONRASI ÇİFT CEPHELİ DAİRE,100,2+1,1.300.000,Zeytinburnu,Beştelsiz
954,▃ARTEMİN YAPI▃ALTINTEPE'DE 3 YILLIK GÜVENLİKLİ SİTE'DE 100M2 2+1,100,2+1,2.550.000,Maltepe,Küçükyalı
955,FATİH MEVLANAKAPI'DA 3+2 TERS DUBLEKS SATILIK DAİRE,148,3+2,3.000.000,Fatih,Mevlanakapı
956,TURYAP'TAN FENERYOLU TREN İSTASYONUNUN YANINDA TEK YETKİLİ 2+1 !,100,2+1,3.250.000,Kadıköy,Feneryolu
957,█ FIRSAT |TEK DAİRE ÜZERİ | TRAMVAYA YAKIN | 120 m² 3+1,130,3+1,1.280.000,Eyüpsultan,Rami
958,TABİKİ İSTANBULLemlak-S İTEİÇİNDE-130m2 İSKANLI-METRO-10dk,130,3+1,1.700.000,Maltepe,Esenkent
959,"NİKSAR EMLAK'TAN GÜNEY, KREDİLİ, İSKANLI, KÖŞE BAŞI 2+1 1.KAT",90,2+1,1.050.000,Küçükçekmece,Halkalı
960,İNDİRİMLİ FİYAT KAMPANYASININ SON GÜNLERİNİ KAÇIRMAYIN,160,3+1,1.950.000,Tuzla,Tersaneler
961,"MODA DA, SAHİLE YAKIN EŞYALI SATILIK BAHÇE TERASLI BODRUM KAT",110,2+1,1.950.000,Kadıköy,Caferağa
962,ASANSÖRLÜ DENIZ MANZARALI TERASLI DUBLEKS KABATAŞ BEYOĞLU,190,4+1,4.350.000,Beyoğlu,Pürtelaş
963,3+1 Bahçe kullanımlı Kapalı Mutfaklı Nakitte Fısat Daire,109,3+1,1.900.000,Pendik,Dolayoba
964,KILINÇLAR FARKIYLA YENİ YAPI ÇOK İDDALI AŞIK VEYSEL CAD.YANINDA!,77,1+1,745.000,Küçükçekmece,Halkalı
965,XXL YAPIDAN 6 YILLIK BİNADA METROYA 8 DK ASANSÖRLÜ 2+1,85,2+1,2.000.000,Şişli,Bozkurt
966,BEYLİKDÜZÜ GEZGEN İNŞ'TAN EMSALSİZ BUTİK SİTE'DE 2+1 DAİRE,120,2+1,980.000,Beylikdüzü,Kavaklı
967,SUN GROUP'DAN BEYLİKDÜZÜNDE KARANLIK ODASI YOK MANZARALI DAİRE,120,2+1,1.899.000,Beylikdüzü,Kavaklı
968,SUN GROUP İNŞAATTAN CUMHURİYETTE SİTE İÇERİSİNDE EŞYALI DAİRE !,95,1+1,1.350.000,,
969,Beylikdüzü'nün İncisi Beykent Elite Life Residence 2+1 Büyük M2,169,2+1,4.350.000,Beylikdüzü,Gürpınar
970,AYBARS'DAN KAVACIK KÖRFEZ SİTESİNDE 2+1 SATILIK GİRİŞ KAT DAİRE,100,2+1,1.630.000,Beykoz,Anadoluhisarı
971,MİHENK YAPI'DAN BEYLİKDÜZÜ KAVAKLIDA DENİZ MANZARALI ŞIK DAİRE,115,2+1,1.380.000,Beylikdüzü,Kavaklı
972,MODERN'DEN MÜKEMMEL RESİDANS AYARINDA SİTE 2+1 SİZLERİ BEKLİYOR,90,2+1,2.300.000,Gaziosmanpaşa,Küçükköy
973,BAHÇEŞEHİR ESTON ŞEHİR 3.MAHALLE MANZARALI SATILIK 3+1 DAİRE,135,3+1,4.500.000,Başakşehir,Bahçeşehir
974,"Ataşehir Fetih mah.de,güvenlikli site içinde,geniş 2+1,91 m2 net",115,2+1,1.950.000,Ataşehir,Örnek
975,SİNCANLI'DAN ATMACA SİTESİNDE SATILIK ARAKAT,110,2+1,1.250.000,Eyüpsultan,Alibeyköy
976,"FİDAN'DAN MERDİVENKÖY DE, MİNİBÜSE YAKIN, 2+1 İÇİ BAKIMLI DAİRE",100,2+1,1.850.000,Kadıköy,Merdivenköy
977,ATALAR ÇANAKKALE CADDESİNDE EBEVEYN BANYOLU GENİŞ 2+1 DAİRE,117,2+1,4.900.000,KartalRahmanlar (Atalar,)
978,NETWORK ENVER DE EVORA A/PARSELDE BÜYÜK TİP BALKONLU 3+1 FIRSATI,150,3.5+1,2.400.000,Tuzla,İçmeler
979,ATÖLYEDEN KAYIŞDAĞI İNÖNÜDE 9 YILLIK 100M2 NET 3+1 BALKONLU,135,3+1,1.900.000,Ataşehir,Kayışdağı
980,EGE'DEN MİNİBÜS YOLUNDA 3+1 SATILIK KOMPLE YENİLENMİŞ LÜKS DAİRE,140,3+1,2.550.000,Maltepe,Küçükyalı
981,Atakent 2.Etap Sahibinden Satılık 2+1 Daire,80,2+1,2.075.000,Küçükçekmece,Halkalı
982,"BAHÇEŞEHİR STRADA' DA SATILIK DAİRE, KAPALI OTOPARK VE GENİŞ TİP",70,1+1,1.640.000,Başakşehir,Bahçeşehir
983,ORJİN EMLAK'TAN AVRUPA KONUTLARI 1 3+1 PEYZAJ MANZARALI DAİRE,141,3+1,4.350.000,Küçükçekmece,Halkalı
984,"SİTE İÇERİSİNDE BAHÇE KULLANIMLI,ŞIK TASARIMLI 2+1 SATILIK DAİRE",135,2+1,1.349.000,Beylikdüzü,Kavaklı
985,"SİTE İÇERİSİNDE BAHÇE KULLANIMLI,ŞIK TASARIMLI 2+1 SATILIK DAİRE",135,2+1,1.349.000,Beylikdüzü,Kavaklı
986,İlkemCity den Kentplus Kartal da Satılık 2+1 Daire,98,2+1,2.100.000,Kartal,Soğanlık
987,AVANGART ISTANBUL SATILIK DAIRE,130,3+1,11.750.000,Sarıyer,Merkez
988,EPA DAN ARA KAT ÖN CEPHE KAPALI OTOPARKLI EBEVEYN BANYOLU,130,3+1,2.590.000,Maltepe,Yalı
989,4E GAYRİMENKUL--DEPREM SON.ÇİFT GİRİŞ DUBLEX 5-2 300M2,300,5+2,11.500.000,Bakırköy,Florya
990,2+1 FLAT FOR SALE İN A LUXURY COMPLEX WİTHOUT COMMİSSİON.,110,2+1,955.000,,
991,TURYAP'TAN FENERYOLU'NDA DENİZ MANZARALI İÇİ YENİLENMİŞ LÜKS 3+1,150,3+1,4.250.000,Kadıköy,Feneryolu
992,BUTİK SİTEDE YEŞİLYURT CADDESİNE CEPHELİ 3+2DUBLEKS,210,3+2,2.380.000,Beylikdüzü,Kavaklı
993,YATIRIM'dan İdealtepe sahilde marmaraya yakın geniş 290m2 4+2,290,4+2,6.700.000,Maltepe,İdealtepe
994,GÖZTEPE TÜTÜNCÜ M.EFENDİDE 5+2 285 M2 KOMBİLİ YENİ SIFIR DAİRE,285,5+2,9.100.000,Kadıköy,Göztepe
995,BALMUMCU JANDARMA YANI SALON SALOMANJE 2+1 SATILIK DAİRE,125,2+1,4.750.000,Beşiktaş,Gayrettepe
996,BÜYÜKÇEKMECE 'DE ŞEHRİN ORTASINDAKİ EN ÖZEL PROJEDE SATILIK 4+1,285,4+1,6.700.000,,
997,"ADALAR MANZARALI 2+1 SATLIK DAİRE,İSKANLI,­OTOPARKLI,LÜKS MİMARİ.",100,2+1,1.735.000,Maltepe,Zümrütevler
998,BÜYÜKÇEKMECE 'DE SAHİLE YAKIN GENİŞ 4+1 HİLAL KONAKLARI,305,4+1,6.600.000,,
999,"ARTI'dan 'Tek Yetkili' Aydınevler'de İskânlı, Ön Cepheli Dubleks",125,3+1,1.450.000,Maltepe,Aydınevler
1000,BOMONTI DIVAN RESİDENCE Vatandaşlık Seçenekleriyle Sinpas Queen,90,1+1,3.900.000,Şişli,Cumhuriyet
1001,Andromeda Gold Boş 3+1 En Güzel Konum,186,3+1,9.400.000,,
1002,BÜYÜKÇEKMECE 'DE PROJEDEN SATILIK 4+1 METROBÜSE 8 DAKİKA,285,4+1,6.300.000,,
1003,BÜYÜKÇEKMECE SATILIK GENİŞ 4+1 PROJEDEN PEYZAJ MANZARALI,325,4+1,5.900.000,,
1004,PENDİK'TE GÖKTÜRK KONUTLARINDA 2+1 DAİRE İÇİN YERİNİZİ ALIN !!,93,2+1,1.500.000,Pendik,Esenyalı
